2013-01-01,10,16,19,23,24,36,47
2013-01-02,7,10,11,32,33,41,9
2013-01-04,5,6,19,28,34,39,16
2013-01-07,13,15,30,35,36,43,5
2013-01-08,4,11,22,25,46,47,6
2013-01-09,1,25,43,46,47,49,23
2013-01-11,13,23,24,32,38,42,28
2013-01-14,7,9,17,26,42,48,19
2013-01-15,1,2,4,22,31,43,25
2013-01-16,10,15,16,19,28,43,11
2013-01-18,6,12,21,35,38,48,34
2013-01-21,2,4,15,26,31,49,6
2013-01-22,1,2,16,23,27,48,46
2013-01-23,19,26,32,33,34,49,8
2013-01-25,12,15,26,37,38,40,49
2013-01-28,5,9,24,25,34,40,46
2013-01-29,14,23,32,39,41,49,9
2013-01-30,11,17,21,25,29,30,40
2013-02-01,2,3,20,22,28,41,29
2013-02-04,10,14,26,27,28,36,5
2013-02-05,6,7,13,15,25,46,43
2013-02-06,1,4,6,9,19,41,35
2013-02-08,1,12,22,24,37,42,43
2013-02-11,2,10,13,20,25,42,30
2013-02-12,1,17,30,31,39,46,15
2013-02-13,4,5,6,15,23,36,27
2013-02-15,9,13,15,45,47,49,41
2013-02-18,1,9,13,35,43,48,11
2013-02-19,5,8,33,34,39,49,11
2013-02-20,1,28,29,30,32,47,9
2013-02-22,10,19,22,32,35,48,28
2013-02-25,4,5,9,16,31,38,23
2013-02-26,4,5,19,29,34,43,7
2013-02-27,4,8,12,14,18,20,39
2013-03-01,3,6,8,14,33,42,9
2013-03-04,3,9,12,18,39,47,45
2013-03-05,6,16,20,24,35,38,40
2013-03-06,10,13,34,42,44,49,4
2013-03-08,4,8,12,14,45,48,47
2013-03-11,14,20,26,27,31,44,13
2013-03-12,2,23,24,27,31,34,48
2013-03-13,11,12,28,29,42,45,47
2013-03-15,14,20,33,41,45,48,2
2013-03-18,5,7,25,30,31,34,43
2013-03-19,10,15,23,28,42,47,40
2013-03-20,7,17,23,26,37,39,35
2013-03-22,22,23,27,30,38,46,5
2013-03-25,3,5,24,25,28,45,48
2013-03-26,1,18,25,27,36,40,12
2013-03-27,7,17,19,30,32,36,37
2013-03-29,13,19,25,26,39,43,14
2013-04-01,8,16,21,24,42,49,11
2013-04-02,12,14,20,27,30,38,45
2013-04-03,8,13,17,26,42,45,1
2013-04-05,16,20,30,31,36,38,5
2013-04-08,4,5,24,30,39,43,33
2013-04-09,9,11,16,26,42,48,2
2013-04-10,11,18,31,32,33,42,23
2013-04-12,9,20,21,28,30,44,24
2013-04-15,5,7,20,29,37,39,27
2013-04-16,1,4,11,23,30,38,21
2013-04-17,7,8,23,29,33,42,39
2013-04-19,10,12,15,27,40,43,8
2013-04-22,9,15,20,32,38,47,36
2013-04-23,2,18,31,33,38,47,22
2013-04-24,2,4,8,27,36,48,34
2013-04-26,3,13,19,26,40,44,5
2013-04-29,2,4,6,33,43,49,1
2013-04-30,4,11,16,29,38,46,18
2013-05-01,2,3,31,34,37,39,11
2013-05-03,5,10,17,21,32,36,39
2013-05-06,1,5,9,14,18,35,24
2013-05-07,2,14,18,28,38,39,24
2013-05-08,2,9,16,22,23,39,40
2013-05-10,11,14,18,28,35,45,40
2013-05-13,11,14,27,29,33,34,12
2013-05-14,1,3,4,18,36,45,6
2013-05-15,1,9,15,26,27,44,8
2013-05-17,8,25,28,35,37,48,9
2013-05-20,2,3,19,26,37,45,25
2013-05-21,14,26,27,30,31,49,10
2013-05-22,9,10,12,16,28,42,45
2013-05-24,18,19,20,27,28,40,30
2013-05-27,13,20,22,24,25,31,1
2013-05-28,11,21,24,28,43,44,38
2013-05-29,6,7,13,40,44,49,8
2013-05-31,9,15,17,20,29,31,28
2013-06-03,3,19,30,34,36,41,21
2013-06-04,9,11,24,30,39,42,22
2013-06-05,14,18,35,36,37,39,5
2013-06-07,4,5,17,25,43,46,21
2013-06-10,21,31,35,42,44,48,19
2013-06-11,11,15,24,26,32,42,6
2013-06-12,5,7,17,22,31,39,1
2013-06-14,7,11,13,23,47,49,33
2013-06-17,16,23,33,34,42,48,20
2013-06-18,3,22,34,35,41,45,27
2013-06-19,11,23,31,44,46,48,41
2013-06-21,2,6,13,18,22,26,25
2013-06-24,3,7,13,19,32,37,2
2013-06-25,10,16,19,37,47,49,20
2013-06-26,1,2,8,18,31,43,12
2013-06-28,18,20,24,26,29,36,15
2013-07-01,4,9,11,33,36,49,2
2013-07-02,2,9,22,24,33,44,19
2013-07-03,6,9,21,26,44,47,39
2013-07-05,27,30,36,38,48,49,37
2013-07-08,1,17,19,45,46,47,7
2013-07-09,16,18,33,34,39,42,4
2013-07-10,6,21,26,28,30,40,3
2013-07-12,21,22,27,30,31,40,18
2013-07-15,2,11,22,26,36,37,42
2013-07-16,1,9,18,29,33,43,5
2013-07-17,20,22,26,35,39,46,34
2013-07-19,3,19,29,38,43,46,18
2013-07-22,4,7,9,12,15,34,24
2013-07-23,1,11,12,22,34,46,24
2013-07-24,2,7,8,11,20,37,6
2013-07-26,2,3,6,7,23,42,30
2013-07-29,15,34,37,44,46,47,6
2013-07-30,1,26,33,43,48,49,41
2013-07-31,8,18,31,39,47,49,5
2013-08-02,15,24,35,38,39,44,31
2013-08-05,10,13,16,17,30,37,28
2013-08-06,18,24,26,27,36,41,1
2013-08-07,6,21,23,25,28,36,14
2013-08-09,5,11,18,28,36,47,16
2013-08-12,21,27,30,35,42,45,14
2013-08-13,11,12,30,37,38,47,40
2013-08-14,4,5,19,30,40,44,13
2013-08-16,13,15,18,35,39,46,28
2013-08-19,5,7,15,24,41,45,40
2013-08-20,10,16,31,34,43,46,17
2013-08-21,1,5,12,14,24,42,31
2013-08-23,5,14,21,25,27,31,45
2013-08-26,2,3,12,29,32,37,26
2013-08-27,4,7,10,12,32,48,13
2013-08-28,4,22,24,28,35,37,46
2013-08-30,9,11,29,38,47,49,26
2013-09-02,9,15,16,19,37,39,46
2013-09-03,7,13,15,18,36,43,28
2013-09-04,1,4,15,30,36,45,44
2013-09-06,13,18,23,28,35,47,3
2013-09-09,6,12,15,25,39,41,45
2013-09-10,14,19,20,21,36,44,31
2013-09-11,3,4,26,32,36,38,22
2013-09-13,3,11,18,43,46,47,13
2013-09-16,5,35,39,42,43,49,3
2013-09-17,3,17,29,35,37,38,23
2013-09-18,2,22,23,29,39,44,38
2013-09-20,1,11,16,23,39,48,32
2013-09-23,11,28,30,35,39,48,13
2013-09-24,10,13,23,37,41,48,5
2013-09-25,7,9,12,17,41,42,40
2013-09-27,9,17,19,37,42,45,6
2013-09-30,5,11,16,18,28,34,13
2013-10-01,2,19,23,30,32,38,11
2013-10-02,22,26,27,29,45,48,21
2013-10-04,10,25,34,42,45,46,14
2013-10-07,16,22,27,44,47,49,10
2013-10-08,2,14,24,30,31,45,43
2013-10-09,3,6,9,33,34,44,27
2013-10-11,2,6,11,29,34,43,9
2013-10-14,15,18,20,29,40,49,27
2013-10-15,16,27,29,30,40,41,49
2013-10-16,14,25,31,32,39,45,30
2013-10-18,10,12,19,22,35,42,5
2013-10-21,9,28,29,38,44,47,13
2013-10-22,20,31,34,38,41,49,25
2013-10-23,4,13,15,25,34,37,17
2013-10-25,10,11,12,21,28,30,46
2013-10-28,15,20,28,34,41,45,3
2013-10-29,10,16,30,33,38,43,41
2013-10-30,12,20,24,37,46,48,13
2013-11-01,1,2,13,43,46,47,25
2013-11-04,14,17,18,22,39,40,46
2013-11-05,2,5,23,27,40,41,11
2013-11-06,4,9,10,15,40,49,32
2013-11-08,14,19,20,22,27,28,11
2013-11-11,7,11,12,13,20,32,10
2013-11-12,1,22,24,26,27,36,38
2013-11-13,16,20,35,42,46,49,19
2013-11-15,7,8,9,11,13,29,41
2013-11-18,27,28,35,41,42,48,47
2013-11-19,3,10,19,31,34,40,35
2013-11-20,3,14,21,35,36,42,39
2013-11-22,2,4,9,17,18,44,46
2013-11-25,1,21,25,28,40,49,9
2013-11-26,14,35,36,42,43,48,7
2013-11-27,5,18,23,29,35,44,37
2013-11-29,7,13,15,33,38,40,18
2013-12-02,6,10,23,29,38,43,14
2013-12-03,3,19,20,29,31,49,40
2013-12-04,3,19,34,35,45,49,29
2013-12-06,2,7,12,16,17,36,3
2013-12-09,3,4,9,19,33,42,10
2013-12-10,9,11,12,16,31,40,33
2013-12-11,5,13,22,25,40,44,32
2013-12-13,8,16,18,21,31,47,4
2013-12-16,9,13,14,33,38,39,34
2013-12-17,8,9,20,33,40,49,47
2013-12-18,1,21,22,24,27,41,4
2013-12-20,18,23,29,31,42,43,28
2013-12-23,4,26,34,46,47,48,20
2013-12-24,4,7,35,42,44,45,19
2013-12-25,3,10,20,32,36,48,29
2013-12-27,6,9,31,33,35,38,16
2013-12-30,7,23,28,30,48,49,26
2013-12-31,6,19,27,41,45,49,2
2014-01-01,6,14,36,38,42,48,30
2014-01-03,5,10,29,44,45,46,31
2014-01-06,2,3,13,24,30,32,40
2014-01-07,5,8,22,27,31,35,7
2014-01-08,7,19,32,36,40,44,23
2014-01-10,1,12,16,26,32,46,6
2014-01-13,3,7,20,24,26,46,1
2014-01-14,15,23,25,29,32,38,48
2014-01-15,7,11,31,37,38,43,47
2014-01-17,21,23,25,32,40,43,18
2014-01-20,20,27,31,32,34,45,49
2014-01-21,10,12,23,31,40,42,46
2014-01-22,4,20,25,31,42,43,14
2014-01-24,12,16,34,45,47,49,22
2014-01-27,7,28,30,34,43,49,46
2014-01-28,8,9,21,34,35,41,29
2014-01-29,26,28,31,34,35,36,33
2014-01-31,7,8,17,18,29,37,47
2014-02-03,3,10,34,35,40,42,26
2014-02-04,18,23,29,30,36,43,28
2014-02-05,4,9,24,33,37,48,49
2014-02-07,4,9,25,31,38,41,2
2014-02-10,2,9,18,19,20,26,14
2014-02-11,23,24,30,32,37,46,38
2014-02-12,2,31,35,36,41,44,4
2014-02-14,21,26,27,30,34,41,39
2014-02-17,1,3,26,27,30,47,14
2014-02-18,5,15,29,33,40,42,6
2014-02-19,18,28,30,31,34,40,12
2014-02-21,1,15,35,36,37,40,32
2014-02-24,2,11,29,30,32,45,9
2014-02-25,3,13,15,18,25,33,10
2014-02-26,16,26,27,40,43,46,6
2014-02-28,8,17,18,30,33,34,10
2014-03-03,10,14,15,25,33,34,29
2014-03-04,3,5,7,22,34,35,2
2014-03-05,4,15,17,28,29,39,2
2014-03-07,13,19,31,41,44,47,1
2014-03-10,3,12,15,25,37,43,29
2014-03-11,7,9,19,24,42,47,35
2014-03-12,1,9,18,24,30,40,48
2014-03-14,4,21,35,38,41,44,22
2014-03-17,9,13,24,39,47,49,29
2014-03-18,3,14,15,32,36,49,48
2014-03-19,5,7,26,33,36,44,8
2014-03-21,3,10,25,36,41,48,2
2014-03-24,7,9,21,30,34,38,24
2014-03-25,5,31,34,36,42,47,10
2014-03-26,1,20,23,37,44,48,45
2014-03-28,13,26,27,31,33,45,2
2014-03-31,7,16,17,26,35,47,25
2014-04-01,1,5,8,12,19,27,22
2014-04-02,5,8,15,25,28,45,44
2014-04-04,9,21,27,28,36,49,25
2014-04-07,7,20,25,34,36,41,15
2014-04-08,1,6,15,30,33,42,41
2014-04-09,5,18,31,34,42,46,7
2014-04-11,1,13,30,31,34,45,23
2014-04-14,8,10,19,22,34,47,9
2014-04-15,5,6,21,30,36,43,7
2014-04-16,13,19,27,35,38,39,31
2014-04-18,14,19,24,28,29,37,35
2014-04-21,2,22,30,38,47,49,43
2014-04-22,14,15,17,18,20,32,35
2014-04-23,5,6,20,31,39,40,1
2014-04-25,2,15,36,38,42,44,14
2014-04-28,8,10,11,28,32,39,17
2014-04-29,1,3,6,10,11,25,43
2014-04-30,4,23,24,25,29,39,14
2014-05-02,8,15,27,35,40,44,30
2014-05-05,1,4,9,23,43,44,31
2014-05-06,1,14,38,39,42,44,18
2014-05-07,5,10,18,32,37,42,29
2014-05-09,6,10,19,20,42,46,14
2014-05-12,1,3,24,31,34,44,20
2014-05-13,5,11,28,33,34,41,44
2014-05-14,19,20,24,33,39,46,42
2014-05-16,13,15,26,27,28,40,45
2014-05-19,1,3,8,11,14,48,27
2014-05-20,6,8,17,36,38,47,14
2014-05-21,18,22,27,30,43,45,37
2014-05-23,12,13,20,35,37,48,1
2014-05-26,10,16,30,32,43,48,9
2014-05-27,1,10,33,34,35,47,38
2014-05-28,4,11,12,18,22,33,34
2014-05-30,7,25,26,27,31,44,45
2014-06-02,7,32,36,44,47,49,43
2014-06-03,22,23,30,33,35,41,20
2014-06-04,2,7,14,25,37,48,10
2014-06-06,12,18,22,26,31,37,9
2014-06-09,1,14,30,36,38,42,29
2014-06-10,1,3,10,32,33,48,46
2014-06-11,8,16,19,22,25,47,21
2014-06-13,8,27,34,36,38,39,20
2014-06-16,19,26,42,43,44,46,15
2014-06-17,10,16,17,19,22,36,33
2014-06-18,1,18,36,37,38,43,30
2014-06-20,5,8,33,38,42,48,21
2014-06-23,7,12,16,20,30,39,44
2014-06-24,5,9,23,24,42,49,12
2014-06-25,1,8,16,27,31,38,45
2014-06-27,8,23,24,27,28,32,48
2014-06-30,4,26,32,36,39,45,40
2014-07-01,3,21,29,33,39,45,19
2014-07-02,2,9,26,36,39,41,28
2014-07-04,12,17,22,35,37,44,13
2014-07-07,11,19,29,32,35,47,6
2014-07-08,4,7,14,33,40,46,35
2014-07-09,1,6,7,9,14,23,19
2014-07-11,12,15,18,19,24,42,6
2014-07-14,9,21,27,30,41,43,22
2014-07-15,2,11,15,25,36,44,33
2014-07-16,5,16,19,25,48,49,18
2014-07-18,8,12,21,22,39,43,1
2014-07-21,1,17,18,21,33,43,30
2014-07-22,4,16,17,19,38,46,18
2014-07-23,1,10,22,40,44,46,20
2014-07-25,6,16,26,39,40,44,5
2014-07-28,16,17,30,38,40,46,33
2014-07-29,2,17,38,40,41,44,23
2014-07-30,7,11,28,37,43,49,15
2014-08-01,8,11,20,31,33,45,34
2014-08-04,6,7,12,40,42,48,30
2014-08-05,15,26,31,32,33,42,49
2014-08-06,5,10,20,36,42,43,19
2014-08-08,10,32,40,44,45,49,48
2014-08-11,2,3,25,37,45,49,38
2014-08-12,24,28,34,37,39,42,45
2014-08-13,6,17,22,23,25,30,7
2014-08-15,11,16,20,24,34,35,38
2014-08-18,6,16,25,27,46,49,44
2014-08-19,5,13,14,29,30,41,42
2014-08-20,6,13,16,28,41,44,45
2014-08-22,3,5,9,12,22,25,4
2014-08-25,1,5,40,42,46,47,38
2014-08-26,11,18,19,25,43,49,45
2014-08-27,11,19,25,35,43,48,17
2014-08-29,9,16,22,37,39,49,40
2014-09-01,3,10,33,36,38,39,20
2014-09-02,7,10,26,30,32,39,21
2014-09-03,14,21,23,27,28,47,9
2014-09-05,4,18,20,22,36,38,45
2014-09-08,8,15,28,41,46,48,7
2014-09-09,7,10,20,37,38,46,31
2014-09-10,11,30,31,33,40,43,29
2014-09-12,7,13,22,29,39,45,40
2014-09-15,1,7,22,38,41,44,35
2014-09-16,22,26,32,36,41,44,17
2014-09-17,1,7,8,20,23,39,46
2014-09-19,19,22,27,29,33,46,35
2014-09-22,1,4,11,17,22,31,49
2014-09-23,13,17,29,30,36,41,44
2014-09-24,10,16,23,42,44,47,45
2014-09-26,11,18,20,27,42,44,24
2014-09-29,6,11,16,22,27,28,45
2014-09-30,5,12,13,14,18,34,44
2014-10-01,3,5,24,28,37,40,35
2014-10-03,3,16,41,42,47,48,20
2014-10-06,1,2,11,24,43,48,14
2014-10-07,12,14,16,17,27,35,18
2014-10-08,1,2,12,20,21,36,48
2014-10-10,5,18,21,25,36,43,6
2014-10-13,6,17,19,28,37,44,41
2014-10-14,1,5,27,37,38,44,39
2014-10-15,4,10,25,27,29,49,11
2014-10-17,1,18,19,24,43,44,4
2014-10-20,6,9,15,29,36,37,8
2014-10-21,6,10,19,22,44,48,14
2014-10-22,3,8,33,36,37,42,24
2014-10-24,5,6,13,22,38,44,1
2014-10-27,1,9,26,28,41,44,33
2014-10-28,4,12,13,35,43,49,15
2014-10-29,12,21,33,35,39,47,36
2014-10-31,3,10,13,14,22,36,20
2014-11-03,7,13,15,22,26,30,41
2014-11-04,2,4,16,18,42,46,14
2014-11-05,14,24,28,45,46,48,31
2014-11-07,3,9,14,15,34,44,7
2014-11-10,1,3,4,10,25,38,30
2014-11-11,2,6,13,19,25,47,39
2014-11-12,20,24,28,35,38,39,46
2014-11-14,10,12,20,24,39,46,31
2014-11-17,4,7,25,36,45,46,20
2014-11-18,3,12,14,26,32,37,21
2014-11-19,5,7,14,25,28,34,16
2014-11-21,4,14,18,19,27,47,48
2014-11-24,1,10,15,26,38,47,16
2014-11-25,9,18,20,22,37,48,35
2014-11-26,5,11,13,27,29,35,49
2014-11-28,3,5,14,28,33,39,49
2014-12-01,16,18,25,42,46,48,19
2014-12-02,4,11,31,32,35,49,14
2014-12-03,13,23,33,35,39,47,14
2014-12-05,3,7,13,16,31,49,25
2014-12-08,10,23,28,42,45,47,40
2014-12-09,3,6,16,20,44,46,26
2014-12-10,1,10,14,31,33,44,29
2014-12-12,1,10,24,37,47,49,43
2014-12-15,6,8,9,16,17,37,44
2014-12-16,2,3,10,27,32,35,29
2014-12-17,12,35,36,40,43,46,23
2014-12-19,12,23,26,28,29,40,21
2014-12-22,6,8,16,26,39,47,36
2014-12-23,1,9,12,14,44,47,32
2014-12-24,1,4,6,30,34,39,12
2014-12-26,1,4,12,30,32,36,5
2014-12-29,3,16,21,22,38,47,10
2014-12-30,7,10,15,17,20,25,39
2014-12-31,5,7,15,27,40,45,32
2015-01-02,7,26,35,39,48,49,27
2015-01-05,1,13,17,18,32,35,36
2015-01-06,5,16,31,32,33,47,41
2015-01-07,7,10,12,36,37,45,42
2015-01-09,2,20,22,33,37,39,41
2015-01-12,1,12,26,31,41,46,15
2015-01-13,7,8,9,26,27,43,45
2015-01-14,4,13,14,17,21,29,1
2015-01-16,5,25,34,40,42,43,4
2015-01-19,7,17,18,23,27,47,42
2015-01-20,17,20,22,26,38,41,42
2015-01-21,5,18,26,28,33,37,8
2015-01-23,5,12,15,16,31,37,42
2015-01-26,7,22,25,27,33,49,28
2015-01-27,7,15,25,29,30,43,3
2015-01-28,1,5,26,31,41,47,17
2015-01-30,1,3,5,16,26,42,32
2015-02-02,18,25,29,33,38,42,10
2015-02-03,7,12,22,33,34,39,21
2015-02-04,1,41,43,45,47,49,39
2015-02-06,1,9,12,19,22,31,14
2015-02-09,1,6,20,23,37,40,39
2015-02-10,2,3,24,30,38,45,31
2015-02-11,25,28,35,38,39,42,11
2015-02-13,5,7,10,16,24,33,44
2015-02-16,3,18,30,32,33,35,42
2015-02-17,20,32,36,41,47,49,4
2015-02-18,22,27,28,38,43,44,17
2015-02-20,3,6,24,25,29,32,30
2015-02-23,2,5,6,38,39,48,7
2015-02-24,9,36,43,44,45,46,16
2015-02-25,4,13,14,29,33,41,15
2015-02-27,7,13,22,28,40,46,34
2015-03-02,2,26,34,36,38,47,12
2015-03-03,11,13,23,28,36,45,2
2015-03-04,5,18,20,22,27,34,1
2015-03-06,4,6,10,19,25,26,2
2015-03-09,5,24,30,39,42,49,8
2015-03-10,4,10,11,21,36,43,14
2015-03-11,8,10,13,15,33,35,31
2015-03-13,8,9,12,15,43,44,41
2015-03-16,9,14,27,28,32,41,30
2015-03-17,4,8,23,27,36,40,44
2015-03-18,2,14,19,32,41,45,16
2015-03-20,16,23,29,38,40,45,47
2015-03-23,1,3,4,14,16,37,34
2015-03-24,6,9,11,15,28,43,42
2015-03-25,6,13,15,18,22,37,2
2015-03-26,12,25,28,35,38,42,49
2015-03-27,5,8,23,40,42,49,35
2015-03-28,6,8,14,26,42,46,34
2015-03-30,2,3,10,31,47,48,34
2015-03-31,6,24,27,37,38,45,12
2015-04-01,6,9,15,17,24,31,25
2015-04-02,4,12,18,21,29,39,23
2015-04-03,11,16,26,41,43,44,45
2015-04-04,18,26,33,38,39,42,22
2015-04-06,5,18,26,38,39,47,41
2015-04-07,17,21,30,32,45,49,3
2015-04-08,15,18,20,25,41,46,45
2015-04-09,1,17,31,38,41,47,39
2015-04-10,2,6,16,35,36,44,28
2015-04-11,3,5,11,21,22,37,2
2015-04-13,3,10,13,33,36,49,42
2015-04-14,2,17,24,26,36,38,7
2015-04-15,10,27,29,35,39,48,26
2015-04-16,14,16,23,26,33,44,30
2015-04-17,1,14,20,24,27,46,45
2015-04-18,23,33,34,38,39,41,11
2015-04-20,21,33,35,38,42,43,15
2015-04-21,11,21,23,30,35,40,48
2015-04-22,2,15,20,30,33,38,39
2015-04-23,8,11,16,22,26,32,48
2015-04-24,21,27,36,42,43,49,41
2015-04-25,1,9,22,23,42,46,37
2015-04-27,1,6,9,13,24,25,41
2015-04-28,3,6,8,27,36,47,32
2015-04-29,15,24,25,27,47,48,33
2015-04-30,6,12,21,33,38,46,28
2015-05-01,2,7,36,39,41,43,49
2015-05-02,7,8,11,20,43,44,35
2015-05-04,3,7,12,27,28,30,8
2015-05-05,3,13,14,17,34,38,43
2015-05-06,3,8,10,33,37,47,17
2015-05-07,2,7,17,28,32,39,3
2015-05-08,4,6,10,20,31,32,35
2015-05-09,16,27,29,34,38,43,1
2015-05-11,3,19,22,24,38,45,37
2015-05-12,1,10,22,40,44,49,37
2015-05-13,7,18,23,29,38,43,42
2015-05-14,11,13,15,24,26,45,25
2015-05-15,2,16,22,26,33,39,35
2015-05-16,7,15,16,19,32,48,10
2015-05-18,1,8,15,21,22,48,4
2015-05-19,5,10,12,23,24,31,28
2015-05-20,3,8,11,26,39,43,28
2015-05-21,5,24,36,39,42,49,19
2015-05-22,13,14,18,21,31,34,5
2015-05-23,3,5,20,42,48,49,17
2015-05-25,8,10,13,16,24,40,42
2015-05-26,1,4,17,19,44,46,39
2015-05-27,10,11,15,17,42,44,40
2015-05-28,13,20,29,31,40,41,38
2015-05-29,3,7,10,15,25,27,43
2015-05-30,1,12,17,37,41,45,14
2015-06-01,4,28,30,31,36,43,15
2015-06-02,7,19,26,27,35,49,41
2015-06-03,5,10,11,20,36,38,9
2015-06-04,8,12,24,30,35,45,14
2015-06-05,26,28,30,31,35,43,39
2015-06-06,6,12,24,28,32,49,7
2015-06-08,8,13,24,31,40,43,21
2015-06-09,1,5,26,34,42,47,13
2015-06-10,1,12,15,31,40,42,34
2015-06-11,7,11,13,20,25,42,28
2015-06-12,4,7,15,17,22,41,5
2015-06-13,1,2,12,13,21,42,45
2015-06-15,1,33,37,38,43,49,11
2015-06-16,12,21,22,23,29,47,24
2015-06-17,3,6,15,24,27,43,13
2015-06-18,19,25,30,31,40,43,24
2015-06-19,10,15,29,42,44,48,1
2015-06-20,7,11,24,28,33,35,16
2015-06-22,5,6,7,16,19,34,43
2015-06-23,3,12,25,34,41,43,20
2015-06-24,9,18,38,39,43,45,22
2015-06-25,19,24,27,38,45,47,41
2015-06-26,7,24,30,38,46,48,16
2015-06-27,18,26,31,41,42,44,10
2015-06-29,8,9,20,36,41,42,2
2015-06-30,3,4,10,26,37,44,27
2015-07-01,3,24,25,28,34,41,6
2015-07-02,6,7,18,21,27,47,33
2015-07-03,6,7,16,35,37,47,42
2015-07-04,7,19,26,28,30,39,23
2015-07-06,14,15,18,24,25,35,2
2015-07-07,2,12,14,26,33,42,29
2015-07-08,3,5,6,11,21,44,47
2015-07-09,3,16,42,44,45,48,36
2015-07-10,17,19,21,35,37,41,26
2015-07-11,14,23,26,36,38,48,6
2015-07-13,3,25,28,31,40,49,7
2015-07-14,12,18,22,30,37,40,29
2015-07-15,6,8,21,29,41,48,4
2015-07-16,1,5,13,22,25,26,34
2015-07-17,16,18,23,26,36,43,8
2015-07-18,1,20,24,29,44,46,33
2015-07-20,3,8,17,24,25,26,9
2015-07-21,3,6,22,32,33,45,41
2015-07-22,7,12,17,22,23,39,42
2015-07-23,12,16,34,40,43,45,30
2015-07-24,10,15,23,33,38,47,1
2015-07-25,5,14,27,29,31,43,24
2015-07-27,4,15,16,26,32,42,25
2015-07-28,13,14,16,26,34,44,11
2015-07-29,5,11,12,18,29,47,3
2015-07-30,3,10,15,21,41,47,37
2015-07-31,2,13,14,29,31,43,36
2015-08-01,18,32,34,40,41,42,15
2015-08-03,1,6,11,31,33,34,30
2015-08-04,6,10,30,31,36,42,12
2015-08-05,5,7,25,35,40,47,18
2015-08-06,4,11,35,36,43,44,21
2015-08-07,5,8,9,12,18,48,4
2015-08-08,2,7,18,21,27,49,42
2015-08-10,2,14,21,33,40,48,39
2015-08-11,33,35,36,39,43,49,28
2015-08-12,15,25,34,43,44,49,32
2015-08-13,1,16,19,20,33,47,36
2015-08-14,13,24,31,40,42,47,18
2015-08-15,4,6,38,39,41,46,17
2015-08-17,1,2,12,20,38,46,17
2015-08-18,1,21,23,32,38,47,39
2015-08-19,21,25,27,34,40,47,32
2015-08-20,12,15,20,23,38,45,35
2015-08-21,2,8,12,20,35,42,19
2015-08-22,9,10,17,26,29,31,41
2015-08-24,5,11,24,26,30,40,37
2015-08-25,8,9,14,15,30,32,18
2015-08-26,4,19,29,34,38,42,33
2015-08-27,4,10,21,25,28,48,1
2015-08-28,7,14,18,19,28,36,30
2015-08-29,1,18,22,24,25,32,4
2015-08-31,3,9,12,24,31,37,49
2015-09-01,1,9,24,41,42,46,37
2015-09-02,1,6,32,37,46,49,34
2015-09-03,1,6,10,17,19,36,5
2015-09-04,3,16,19,29,30,48,15
2015-09-05,3,4,7,17,28,49,24
2015-09-07,5,8,12,31,44,49,27
2015-09-08,5,7,12,19,23,24,2
2015-09-09,11,17,19,25,38,42,48
2015-09-10,1,7,30,36,38,41,25
2015-09-11,13,17,22,23,33,36,3
2015-09-12,6,9,31,33,37,45,38
2015-09-14,28,31,33,36,40,45,18
2015-09-15,16,17,18,32,33,36,20
2015-09-16,1,8,28,34,35,36,43
2015-09-17,1,21,23,37,44,46,41
2015-09-18,3,7,15,16,40,47,38
2015-09-19,10,24,25,38,44,46,15
2015-09-21,7,10,24,27,41,42,19
2015-09-22,14,25,27,28,43,47,12
2015-09-23,1,9,14,19,33,47,20
2015-09-24,5,6,8,19,38,47,22
2015-09-25,1,2,21,30,37,41,9
2015-09-26,3,8,12,24,46,47,26
2015-09-28,9,10,32,33,39,42,24
2015-09-29,14,17,22,36,47,49,43
2015-09-30,2,7,8,16,17,38,15
2015-10-01,6,10,18,20,40,41,22
2015-10-02,7,17,24,26,28,39,35
2015-10-03,3,4,12,20,25,32,48
2015-10-05,1,3,7,23,28,40,12
2015-10-06,3,13,20,25,36,46,49
2015-10-07,4,18,19,28,38,41,39
2015-10-08,1,2,5,12,17,43,7
2015-10-09,2,5,8,9,14,17,15
2015-10-10,9,13,16,33,41,48,10
2015-10-12,8,16,24,42,45,47,7
2015-10-13,11,19,32,35,39,44,22
2015-10-14,1,6,29,34,36,40,9
2015-10-15,25,26,35,39,40,47,23
2015-10-16,3,14,17,25,27,38,10
2015-10-17,1,12,19,25,42,48,46
2015-10-19,1,10,16,18,23,32,2
2015-10-20,13,16,19,21,34,41,8
2015-10-21,2,17,20,24,29,34,23
2015-10-22,4,7,10,14,22,28,30
2015-10-23,4,6,11,22,34,46,35
2015-10-24,14,19,20,22,32,44,16
2015-10-26,4,14,15,36,41,43,16
2015-10-27,9,12,19,20,31,45,33
2015-10-28,14,19,25,26,27,28,24
2015-10-29,4,12,15,24,25,47,46
2015-10-30,8,25,29,33,44,46,1
2015-10-31,2,5,12,22,33,43,16
2015-11-02,11,13,16,19,29,49,46
2015-11-03,2,8,11,16,17,42,40
2015-11-04,5,10,13,19,20,34,21
2015-11-05,5,34,37,38,45,46,4
2015-11-06,6,11,17,24,28,31,33
2015-11-07,2,8,14,16,33,48,9
2015-11-09,28,35,41,45,46,47,14
2015-11-10,7,15,16,23,29,48,11
2015-11-11,6,14,32,37,44,49,10
2015-11-12,3,10,32,33,35,38,40
2015-11-13,4,18,25,40,43,49,41
2015-11-14,2,13,22,29,34,45,15
2015-11-16,2,5,19,32,36,42,41
2015-11-17,2,6,8,35,37,40,27
2015-11-18,1,15,35,39,47,48,7
2015-11-19,2,12,23,32,45,48,6
2015-11-20,15,37,41,43,46,48,17
2015-11-21,4,13,21,24,42,43,14
2015-11-23,20,21,23,31,46,48,40
2015-11-24,11,13,20,23,24,48,25
2015-11-25,19,21,22,23,30,42,6
2015-11-26,5,25,26,28,43,45,35
2015-11-27,3,7,9,20,32,46,10
2015-11-28,3,8,10,34,44,48,28
2015-11-30,4,6,24,26,36,39,9
2015-12-01,8,11,19,22,30,36,26
2015-12-02,5,12,14,17,24,43,7
2015-12-03,4,12,16,17,45,46,39
2015-12-04,12,16,24,32,38,44,20
2015-12-05,3,15,23,27,35,38,42
2015-12-07,6,11,13,22,32,41,3
2015-12-08,20,32,36,45,48,49,23
2015-12-09,7,8,32,42,45,46,9
2015-12-10,4,13,30,34,42,43,22
2015-12-11,2,18,23,37,45,47,3
2015-12-12,2,26,30,39,40,47,11
2015-12-14,5,9,10,20,31,43,47
2015-12-15,18,28,36,38,42,48,46
2015-12-16,16,19,27,31,43,49,38
2015-12-17,3,8,24,40,46,48,49
2015-12-18,1,14,15,29,34,49,20
2015-12-19,16,20,27,32,33,47,39
2015-12-21,6,12,16,19,28,32,14
2015-12-22,5,6,8,23,36,42,48
2015-12-23,4,12,17,24,31,49,38
2015-12-24,3,13,27,36,45,48,1
2015-12-25,2,5,19,21,27,49,22
2015-12-26,2,18,24,35,38,44,23
2015-12-28,8,12,27,35,36,48,6
2015-12-29,5,7,13,30,34,45,46
2015-12-30,3,18,27,33,34,42,13
2015-12-31,5,15,20,25,43,48,34
2016-01-01,2,4,12,13,24,46,26
2016-01-02,3,8,16,21,23,43,24
2016-01-04,12,18,35,36,37,48,40
2016-01-05,3,4,8,12,19,24,14
2016-01-06,8,16,20,37,43,48,49
2016-01-07,11,17,30,33,38,48,24
2016-01-08,5,9,15,22,35,46,36
2016-01-09,20,31,33,37,44,48,49
2016-01-11,11,21,32,36,43,46,29
2016-01-12,1,11,16,40,42,48,12
2016-01-13,12,14,18,24,25,41,5
2016-01-14,3,30,32,37,45,49,27
2016-01-15,3,14,18,21,22,29,13
2016-01-16,5,8,27,29,36,41,44
2016-01-18,16,17,23,27,34,40,49
2016-01-19,9,11,18,20,21,44,29
2016-01-20,30,31,32,39,42,45,19
2016-01-21,17,19,24,28,33,37,9
2016-01-22,7,8,10,34,35,36,48
2016-01-23,9,19,21,23,27,30,11
2016-01-25,4,7,19,21,28,32,36
2016-01-26,18,24,29,31,35,44,49
2016-01-27,2,10,12,16,22,23,20
2016-01-28,6,16,17,18,26,47,33
2016-01-29,2,24,28,37,42,44,30
2016-01-30,3,5,8,28,32,33,10
2016-02-01,8,20,37,40,44,45,47
2016-02-02,4,6,14,31,33,46,27
2016-02-03,25,35,36,40,43,45,30
2016-02-04,4,8,23,30,42,47,24
2016-02-05,16,24,34,41,42,43,25
2016-02-06,6,9,18,20,23,32,42
2016-02-08,1,4,9,10,26,32,18
2016-02-09,6,7,21,24,25,40,30
2016-02-10,2,21,23,28,29,45,30
2016-02-11,4,5,10,15,35,47,22
2016-02-12,8,22,28,29,34,39,35
2016-02-13,3,5,7,10,17,48,43
2016-02-15,3,9,12,17,33,48,22
2016-02-16,5,35,37,40,46,49,26
2016-02-17,4,11,16,17,27,34,20
2016-02-18,6,10,11,38,41,43,17
2016-02-19,10,22,24,31,37,46,43
2016-02-20,1,6,21,24,35,42,19
2016-02-22,2,12,18,34,42,44,9
2016-02-23,19,28,31,34,35,48,47
2016-02-24,3,14,28,31,37,48,22
2016-02-25,4,9,21,22,31,37,19
2016-02-26,10,14,19,21,29,45,17
2016-02-27,7,10,11,19,25,34,26
2016-02-29,3,11,20,23,41,48,30
2016-03-01,11,19,28,30,31,44,27
2016-03-02,15,18,31,35,43,48,30
2016-03-03,10,12,15,16,22,40,4
2016-03-04,3,7,10,14,16,39,36
2016-03-05,7,13,17,26,33,40,22
2016-03-07,3,5,6,31,33,37,47
2016-03-08,3,6,8,24,29,31,15
2016-03-09,2,11,13,14,19,24,42
2016-03-10,5,6,19,20,28,37,22
2016-03-11,5,8,18,30,33,36,13
2016-03-12,19,23,24,26,34,37,27
2016-03-14,6,9,19,24,35,45,14
2016-03-15,5,10,25,44,45,47,34
2016-03-16,10,14,23,30,42,47,36
2016-03-17,2,14,16,25,39,40,17
2016-03-18,11,30,32,35,42,46,36
2016-03-19,9,14,17,20,27,40,46
2016-03-21,11,17,27,29,34,39,35
2016-03-22,20,24,34,37,38,40,26
2016-03-23,8,17,24,26,33,39,9
2016-03-24,5,27,30,36,41,48,22
2016-03-25,1,2,18,23,30,48,24
2016-03-26,8,11,12,19,31,39,15
2016-03-28,14,18,31,36,44,46,32
2016-03-29,5,7,9,20,46,49,44
2016-03-30,7,13,21,28,35,47,4
2016-03-31,7,10,32,36,37,40,46
2016-04-01,5,9,20,35,38,40,45
2016-04-02,2,11,15,24,40,48,21
2016-04-04,11,21,26,40,43,44,38
2016-04-05,22,24,32,35,38,46,13
2016-04-06,23,25,28,29,31,49,3
2016-04-07,21,26,29,34,39,48,47
2016-04-08,4,7,8,23,44,45,27
2016-04-09,4,20,31,33,43,46,30
2016-04-11,7,29,33,34,46,47,9
2016-04-12,1,9,29,37,42,47,28
2016-04-13,2,3,16,22,32,46,10
2016-04-14,5,9,10,11,24,48,45
2016-04-15,12,14,27,34,38,39,5
2016-04-16,1,7,9,14,26,47,42
2016-04-18,5,21,26,27,38,42,39
2016-04-19,12,33,37,39,44,45,25
2016-04-20,7,19,29,35,40,49,3
2016-04-21,1,15,20,28,29,45,2
2016-04-22,11,13,15,27,35,37,44
2016-04-23,4,8,11,25,39,47,6
2016-04-25,7,11,12,21,31,37,30
2016-04-26,19,27,30,34,36,44,48
2016-04-27,11,21,23,31,40,46,48
2016-04-28,17,24,25,37,43,46,3
2016-04-29,8,10,15,22,45,46,23
2016-04-30,3,5,22,33,42,44,41
2016-05-02,3,4,36,38,44,47,24
2016-05-03,6,9,26,31,40,47,37
2016-05-04,2,5,23,33,38,45,9
2016-05-05,2,15,32,33,40,47,20
2016-05-06,8,13,25,34,36,46,14
2016-05-07,2,6,12,21,22,40,43
2016-05-09,2,10,13,34,45,49,18
2016-05-10,16,17,27,35,40,42,10
2016-05-11,5,14,22,29,45,49,42
2016-05-12,9,23,27,28,29,41,5
2016-05-13,9,23,24,39,42,46,10
2016-05-14,13,17,20,24,34,45,32
2016-05-16,4,24,26,27,38,40,32
2016-05-17,5,9,19,29,44,48,13
2016-05-18,2,18,19,22,33,38,6
2016-05-19,3,9,15,19,28,31,42
2016-05-20,6,10,16,18,21,26,22
2016-05-21,1,17,29,33,42,47,3
2016-05-23,7,26,33,34,40,44,37
2016-05-24,8,22,33,38,39,45,18
2016-05-25,13,24,33,39,41,43,11
2016-05-26,8,9,20,33,38,42,3
2016-05-27,1,11,15,19,36,49,26
2016-05-28,15,22,25,28,29,36,12
2016-05-30,5,20,24,26,41,45,28
2016-05-31,7,11,18,24,35,36,37
2016-06-01,4,18,31,42,46,49,45
2016-06-02,17,22,26,29,34,41,24
2016-06-03,4,11,14,19,33,36,45
2016-06-04,2,5,6,16,29,36,28
2016-06-06,13,21,22,30,37,45,43
2016-06-07,3,35,38,39,45,47,20
2016-06-08,2,6,14,28,31,34,29
2016-06-09,2,10,32,40,41,45,49
2016-06-10,1,2,16,20,25,42,28
2016-06-11,1,5,21,36,37,45,43
2016-06-13,9,12,38,41,45,47,21
2016-06-14,1,4,5,15,25,33,28
2016-06-15,9,11,14,18,32,45,5
2016-06-16,5,31,34,39,43,45,11
2016-06-17,12,19,29,36,41,46,8
2016-06-18,10,31,41,46,47,49,39
2016-06-20,2,9,11,12,24,29,21
2016-06-21,2,9,13,23,35,47,30
2016-06-22,6,9,20,22,31,45,40
2016-06-23,1,25,28,35,48,49,16
2016-06-24,11,12,30,32,45,49,18
2016-06-25,18,19,34,38,39,42,32
2016-06-27,16,27,28,35,40,43,20
2016-06-28,2,8,11,20,22,35,1
2016-06-29,6,9,13,18,32,38,30
2016-06-30,1,7,23,25,40,49,28
2016-07-01,15,16,17,28,39,44,5
2016-07-02,2,18,19,23,26,45,28
2016-07-04,15,20,32,33,39,48,4
2016-07-05,9,11,16,28,29,42,8
2016-07-06,3,18,28,37,41,45,26
2016-07-07,1,3,7,17,29,30,39
2016-07-08,8,11,12,15,21,42,17
2016-07-09,7,9,19,20,38,46,18
2016-07-11,4,13,29,30,39,46,45
2016-07-12,6,14,20,31,45,46,10
2016-07-13,3,17,25,29,34,36,10
2016-07-14,4,16,28,29,39,47,49
2016-07-15,4,11,17,28,45,48,14
2016-07-16,3,21,25,29,32,46,12
2016-07-18,5,13,15,21,41,42,33
2016-07-19,4,10,11,18,30,44,13
2016-07-20,8,11,13,25,37,40,48
2016-07-21,3,4,11,20,31,32,2
2016-07-22,1,3,38,39,48,49,27
2016-07-23,12,13,26,38,39,47,16
2016-07-25,2,3,9,21,35,47,30
2016-07-26,10,13,27,29,31,37,3
2016-07-27,3,8,16,23,42,46,35
2016-07-28,18,28,32,45,47,49,26
2016-07-29,20,29,31,38,42,49,8
2016-07-30,12,19,22,31,34,41,30
2016-08-01,5,9,14,36,48,49,28
2016-08-02,8,9,14,27,35,48,38
2016-08-03,5,15,17,36,38,44,35
2016-08-04,8,20,32,39,43,45,17
2016-08-05,1,6,9,29,41,43,8
2016-08-06,1,22,24,26,36,45,31
2016-08-08,1,3,7,9,25,38,31
2016-08-09,2,7,8,9,20,34,31
2016-08-10,7,12,18,34,38,41,26
2016-08-11,2,18,22,25,28,45,37
2016-08-12,7,9,13,15,17,37,32
2016-08-13,12,15,32,44,45,46,8
2016-08-15,14,20,31,32,41,48,38
2016-08-16,3,18,30,33,35,37,7
2016-08-17,13,21,23,28,31,46,26
2016-08-18,15,16,19,33,40,41,23
2016-08-19,5,9,20,23,30,35,47
2016-08-20,13,19,25,29,34,46,1
2016-08-22,22,24,26,29,40,43,1
2016-08-23,10,12,19,32,35,49,26
2016-08-24,4,12,14,16,22,28,6
2016-08-25,10,12,26,32,34,44,27
2016-08-26,6,11,16,18,25,47,28
2016-08-27,4,9,25,27,41,49,30
2016-08-29,1,2,14,20,29,32,21
2016-08-30,7,10,11,15,36,42,30
2016-08-31,2,4,5,10,18,43,24
2016-09-01,12,16,31,41,44,49,13
2016-09-02,10,11,15,29,35,41,27
2016-09-03,14,29,41,43,44,48,46
2016-09-05,10,11,13,27,31,47,41
2016-09-06,5,7,8,18,20,24,2
2016-09-07,6,8,12,16,24,44,7
2016-09-08,13,14,17,26,33,45,27
2016-09-09,2,8,11,28,41,43,13
2016-09-10,2,11,21,25,42,43,20
2016-09-12,1,17,23,27,39,48,36
2016-09-13,1,2,15,18,22,34,37
2016-09-14,4,20,26,27,42,44,41
2016-09-15,2,11,19,26,36,44,42
2016-09-16,3,4,20,37,41,48,22
2016-09-17,4,11,17,23,37,49,7
2016-09-19,3,20,21,24,30,47,11
2016-09-20,4,10,18,19,22,25,45
2016-09-21,6,9,13,26,29,31,11
2016-09-22,8,9,10,18,30,33,19
2016-09-23,1,2,8,17,26,47,12
2016-09-24,2,5,10,12,20,29,42
2016-09-26,4,6,13,18,29,36,33
2016-09-27,4,10,12,17,31,34,24
2016-09-28,5,6,17,20,32,47,42
2016-09-29,1,12,24,29,42,48,25
2016-09-30,4,7,9,40,41,43,2
2016-10-01,12,16,19,23,24,37,9
2016-10-03,2,3,5,7,22,44,4
2016-10-04,1,3,16,32,46,48,43
2016-10-05,3,17,22,30,36,40,24
2016-10-06,13,14,22,23,25,40,30
2016-10-07,8,11,20,25,34,48,21
2016-10-08,5,22,25,30,33,36,37
2016-10-10,2,6,18,22,40,42,45
2016-10-11,7,8,22,24,27,36,30
2016-10-12,6,9,21,24,36,49,2
2016-10-13,18,22,23,34,36,47,26
2016-10-14,2,15,22,32,46,48,37
2016-10-15,8,10,12,14,26,41,25
2016-10-17,10,13,15,19,25,43,26
2016-10-18,6,9,24,31,35,40,25
2016-10-19,1,5,15,20,29,32,40
2016-10-20,1,6,10,11,18,41,15
2016-10-21,9,12,28,31,34,36,45
2016-10-22,9,16,22,31,33,36,32
2016-10-24,3,12,13,16,33,36,32
2016-10-25,3,13,21,22,36,46,4
2016-10-26,5,10,23,29,37,49,16
2016-10-27,12,13,15,16,22,37,3
2016-10-28,3,20,26,33,42,49,12
2016-10-29,4,5,6,10,26,46,35
2016-10-31,5,7,8,33,38,42,49
2016-11-01,4,6,9,21,30,42,5
2016-11-02,5,34,39,42,46,49,17
2016-11-03,1,2,25,30,31,42,29
2016-11-04,3,13,14,24,31,36,23
2016-11-05,8,14,20,35,36,47,17
2016-11-07,2,3,12,28,45,47,34
2016-11-08,18,20,36,41,48,49,9
2016-11-09,4,10,14,31,37,43,24
2016-11-10,30,34,39,45,46,49,3
2016-11-11,11,12,37,40,42,43,7
2016-11-12,1,8,21,32,34,41,26
2016-11-14,4,23,37,38,46,48,33
2016-11-15,10,24,25,42,44,47,20
2016-11-16,2,25,28,36,39,48,43
2016-11-17,9,19,22,28,30,37,3
2016-11-18,10,13,18,40,45,46,42
2016-11-19,2,8,9,13,22,25,45
2016-11-21,5,7,9,15,32,40,34
2016-11-22,8,14,16,36,37,42,28
2016-11-23,14,34,42,43,45,49,19
2016-11-24,9,23,37,40,41,48,4
2016-11-25,9,10,15,22,37,46,47
2016-11-26,10,27,28,29,40,46,24
2016-11-28,7,20,21,30,45,49,31
2016-11-29,1,7,9,14,16,30,12
2016-11-30,11,14,28,37,40,49,31
2016-12-01,2,25,28,33,37,48,38
2016-12-02,3,22,27,28,38,40,31
2016-12-03,4,8,24,41,43,45,44
2016-12-05,2,5,9,13,32,34,37
2016-12-06,6,10,11,17,23,27,39
2016-12-07,2,8,15,33,34,38,1
2016-12-08,8,11,21,29,32,41,7
2016-12-09,25,26,30,34,37,40,48
2016-12-10,17,18,23,37,41,45,7
2016-12-12,3,7,31,35,42,49,24
2016-12-13,9,19,38,45,47,48,11
2016-12-14,16,19,27,40,46,49,47
2016-12-15,10,11,21,23,43,45,8
2016-12-16,4,5,13,18,20,32,3
2016-12-17,2,4,12,17,33,46,14
2016-12-19,12,25,28,36,45,47,22
2016-12-20,15,20,23,35,41,47,10
2016-12-21,3,20,26,27,44,46,1
2016-12-22,8,10,28,36,42,43,24
2016-12-23,21,27,30,40,43,47,9
2016-12-24,10,21,26,33,36,37,27
2016-12-26,3,9,17,20,25,26,19
2016-12-27,12,13,22,23,47,48,5
2016-12-28,2,9,16,25,31,36,34
2016-12-29,11,12,19,30,40,48,34
2016-12-30,8,21,25,33,35,45,4
2016-12-31,3,21,22,24,38,45,23
2017-01-02,8,25,27,31,33,38,4
2017-01-03,5,6,15,39,43,48,27
2017-01-04,7,16,17,20,29,36,12
2017-01-05,2,16,24,25,33,46,45
2017-01-06,8,11,20,24,28,29,42
2017-01-07,22,23,28,35,39,42,17
2017-01-09,4,18,29,41,45,48,1
2017-01-10,1,18,28,40,44,47,42
2017-01-11,1,22,24,38,41,43,33
2017-01-12,2,15,16,25,36,38,29
2017-01-13,6,11,19,27,41,44,5
2017-01-14,1,13,16,25,30,41,18
2017-01-16,19,20,25,28,29,47,15
2017-01-17,2,10,29,30,34,46,19
2017-01-18,5,8,26,29,32,47,3
2017-01-19,8,9,10,30,44,46,13
2017-01-20,2,6,13,25,32,40,41
2017-01-21,8,15,21,42,43,47,7
2017-01-23,1,5,7,12,14,48,31
2017-01-24,3,8,12,15,29,42,25
2017-01-25,2,11,26,29,34,42,10
2017-01-26,5,8,10,20,32,43,13
2017-01-27,3,7,33,40,46,49,29
2017-01-28,3,5,17,19,30,32,25
2017-01-30,2,11,21,26,33,36,7
2017-01-31,1,10,11,30,37,42,18
2017-02-01,3,9,11,15,22,26,21
2017-02-02,5,20,32,36,40,41,8
2017-02-03,14,17,19,22,24,49,41
2017-02-04,3,6,16,19,30,44,21
2017-02-06,6,23,27,32,42,43,17
2017-02-07,1,16,26,27,43,44,20
2017-02-08,2,3,12,15,26,39,1
2017-02-09,3,22,31,37,42,48,36
2017-02-10,11,20,24,28,29,39,3
2017-02-11,23,26,28,34,37,46,32
2017-02-13,2,4,7,36,38,41,44
2017-02-14,20,36,38,42,46,49,3
2017-02-15,1,19,20,27,34,44,33
2017-02-16,5,15,16,26,29,34,9
2017-02-17,3,12,15,23,42,46,29
2017-02-18,8,13,18,25,41,44,22
2017-02-20,2,25,27,32,42,49,17
2017-02-21,4,15,16,17,30,31,19
2017-02-22,7,11,12,13,20,28,47
2017-02-23,3,23,29,42,43,44,35
2017-02-24,4,18,25,34,48,49,41
2017-02-25,9,26,30,33,37,47,41
2017-02-27,6,15,21,36,42,44,1
2017-02-28,9,12,17,21,29,38,2
2017-03-01,11,26,27,31,42,48,3
2017-03-02,4,6,7,9,44,48,22
2017-03-03,6,16,21,32,40,48,33
2017-03-04,1,8,14,17,31,46,4
2017-03-06,4,22,28,30,40,44,16
2017-03-07,1,5,6,35,37,42,48
2017-03-08,5,6,12,31,37,40,35
2017-03-09,14,24,25,28,29,44,22
2017-03-10,5,11,21,23,33,43,9
2017-03-11,31,35,37,40,41,45,39
2017-03-13,11,14,16,40,44,46,22
2017-03-14,3,4,19,28,30,44,33
2017-03-15,4,22,23,28,31,40,14
2017-03-16,2,11,12,14,40,44,20
2017-03-17,17,21,36,41,43,49,15
2017-03-18,1,7,14,38,42,48,32
2017-03-20,13,15,18,21,22,26,40
2017-03-21,1,12,13,16,19,24,4
2017-03-22,14,18,24,30,34,49,20
2017-03-23,12,16,17,18,39,40,23
2017-03-24,4,7,11,26,28,39,17
2017-03-25,7,18,25,37,40,45,34
2017-03-27,13,14,16,28,30,40,33
2017-03-28,5,11,14,32,41,44,25
2017-03-29,9,14,15,27,28,31,35
2017-03-30,10,11,12,14,18,27,13
2017-03-31,14,15,16,19,28,43,21
2017-04-01,1,3,13,21,22,28,9
2017-04-03,4,8,15,23,34,35,25
2017-04-04,3,7,8,10,26,49,4
2017-04-05,9,10,11,21,33,35,17
2017-04-06,3,6,14,17,35,49,32
2017-04-07,6,9,13,27,34,48,21
2017-04-08,10,29,36,43,45,49,48
2017-04-10,5,7,16,18,24,25,19
2017-04-11,1,7,10,15,17,34,5
2017-04-12,8,12,29,31,40,48,10
2017-04-13,3,22,25,39,40,47,38
2017-04-14,6,10,15,21,26,49,39
2017-04-15,2,9,16,32,40,47,48
2017-04-17,11,14,19,37,38,43,10
2017-04-18,17,23,29,37,47,48,9
2017-04-19,1,4,6,19,21,47,43
2017-04-20,22,23,30,38,45,49,46
2017-04-21,2,5,9,16,37,40,10
2017-04-22,12,35,37,41,47,48,17
2017-04-24,16,22,25,31,38,48,46
2017-04-25,5,9,12,13,39,41,45
2017-04-26,12,14,20,34,39,40,27
2017-04-27,11,40,42,45,46,49,27
2017-04-28,5,9,15,17,21,47,20
2017-04-29,10,19,22,24,43,44,23
2017-05-01,9,12,15,19,38,46,4
2017-05-02,2,17,25,27,35,43,37
2017-05-03,13,25,27,33,34,38,19
2017-05-04,5,7,10,23,36,41,22
2017-05-05,5,10,13,17,33,40,47
2017-05-06,1,7,18,25,35,48,5
2017-05-08,1,12,22,37,39,42,6
2017-05-09,20,21,24,37,38,41,26
2017-05-10,1,2,33,40,42,49,36
2017-05-11,5,23,24,36,43,49,17
2017-05-12,5,13,20,26,42,44,22
2017-05-13,14,16,17,24,32,38,28
2017-05-15,6,8,21,25,29,37,32
2017-05-16,9,15,27,36,42,49,37
2017-05-17,3,4,10,11,42,46,49
2017-05-18,12,21,37,40,41,46,16
2017-05-19,5,12,24,26,42,46,43
2017-05-20,2,26,29,32,39,42,1
2017-05-22,1,7,14,15,20,24,42
2017-05-23,1,23,28,41,48,49,13
2017-05-24,3,11,12,14,29,33,30
2017-05-25,1,13,15,25,36,45,2
2017-05-26,2,6,13,29,31,36,20
2017-05-27,2,4,20,24,29,45,30
2017-05-29,5,6,11,12,40,48,39
2017-05-30,6,10,12,22,45,47,13
2017-05-31,19,23,24,26,27,34,18
2017-06-01,13,28,30,34,37,42,41
2017-06-02,8,19,23,31,39,43,13
2017-06-03,3,26,32,43,44,48,24
2017-06-05,6,8,18,33,45,49,44
2017-06-06,4,11,16,33,36,47,14
2017-06-07,2,5,13,16,31,35,33
2017-06-08,1,8,12,15,21,37,26
2017-06-09,9,28,37,39,41,45,31
2017-06-10,6,13,24,29,41,49,30
2017-06-12,4,5,24,41,42,45,7
2017-06-13,5,8,10,41,46,48,37
2017-06-14,2,3,12,37,43,47,30
2017-06-15,13,14,23,26,40,46,10
2017-06-16,16,21,31,33,39,42,12
2017-06-17,11,16,27,28,32,41,44
2017-06-19,2,11,19,29,35,49,37
2017-06-20,2,16,21,23,25,26,18
2017-06-21,6,11,18,34,40,41,39
2017-06-22,1,2,23,25,37,49,40
2017-06-23,2,3,12,15,29,30,24
2017-06-24,16,30,31,37,38,41,39
2017-06-26,5,15,20,32,37,38,46
2017-06-27,2,3,30,35,36,40,11
2017-06-28,2,3,31,41,46,49,25
2017-06-29,3,4,5,12,20,29,22
2017-06-30,11,20,25,36,40,42,2
2017-07-01,10,14,17,27,31,48,41
2017-07-03,15,20,25,43,46,48,5
2017-07-04,3,5,7,18,35,44,47
2017-07-05,4,10,15,17,26,28,47
2017-07-06,1,10,33,37,40,47,28
2017-07-07,15,19,22,35,44,46,48
2017-07-08,31,39,43,45,48,49,38
2017-07-10,7,19,21,23,26,47,48
2017-07-11,4,12,14,15,23,46,17
2017-07-12,1,7,14,19,35,39,37
2017-07-13,9,20,27,30,36,47,18
2017-07-14,2,8,15,32,43,48,35
2017-07-15,1,19,30,31,37,42,44
2017-07-17,13,23,25,34,36,49,44
2017-07-18,2,6,10,21,28,47,37
2017-07-19,2,4,10,14,26,37,38
2017-07-20,13,27,29,36,47,48,40
2017-07-21,2,18,29,35,37,44,10
2017-07-22,11,12,15,29,44,46,14
2017-07-24,7,12,15,28,39,48,23
2017-07-25,7,12,18,28,39,45,1
2017-07-26,6,13,15,17,28,33,47
2017-07-27,2,12,18,20,26,28,13
2017-07-28,1,14,19,22,31,43,4
2017-07-29,16,19,22,42,46,48,4
2017-07-31,1,6,12,13,22,36,27
2017-08-01,9,11,12,14,19,26,35
2017-08-02,9,17,21,22,32,34,7
2017-08-03,4,9,20,21,26,40,34
2017-08-04,11,16,22,34,43,49,18
2017-08-05,5,8,16,29,30,41,2
2017-08-07,8,13,22,34,35,45,9
2017-08-08,5,12,16,19,36,48,1
2017-08-09,4,20,25,30,47,48,8
2017-08-10,1,26,36,38,42,44,48
2017-08-11,5,7,30,43,45,48,42
2017-08-12,3,4,7,18,24,34,42
2017-08-14,18,19,27,30,33,39,10
2017-08-15,7,13,23,30,37,49,4
2017-08-16,9,24,31,33,38,46,22
2017-08-17,9,15,19,28,39,47,27
2017-08-18,4,16,19,22,25,32,41
2017-08-19,6,11,12,13,24,47,8
2017-08-21,5,25,27,30,31,40,37
2017-08-22,16,18,30,33,39,47,26
2017-08-23,1,7,9,16,23,45,20
2017-08-24,5,15,18,31,36,43,41
2017-08-25,3,7,18,22,28,32,20
2017-08-26,4,5,11,12,22,40,26
2017-08-28,8,15,27,33,42,46,2
2017-08-29,4,8,19,21,32,43,29
2017-08-30,6,11,15,22,34,36,27
2017-08-31,3,22,23,27,41,42,48
2017-09-01,23,33,34,36,38,39,40
2017-09-02,2,4,6,18,35,48,31
2017-09-04,3,24,32,35,43,48,2
2017-09-05,15,16,18,29,45,48,40
2017-09-06,6,9,10,22,37,43,33
2017-09-07,2,14,20,26,36,37,28
2017-09-08,1,12,27,32,37,40,15
2017-09-09,23,25,34,35,37,42,49
2017-09-11,15,20,28,32,46,49,3
2017-09-12,3,19,27,39,40,43,1
2017-09-13,3,17,20,25,30,48,7
2017-09-14,1,9,28,30,41,44,12
2017-09-15,13,24,41,42,48,49,10
2017-09-16,4,19,21,23,29,42,8
2017-09-18,1,7,11,20,37,42,33
2017-09-19,1,8,9,22,23,31,29
2017-09-20,6,23,25,31,33,40,11
2017-09-21,5,6,13,30,33,43,31
2017-09-22,1,12,19,28,37,48,23
2017-09-23,17,26,37,44,45,49,21
2017-09-25,1,24,25,32,34,41,36
2017-09-26,13,15,18,29,30,44,38
2017-09-27,12,19,25,40,43,47,20
2017-09-28,1,4,16,28,32,42,40
2017-09-29,1,14,21,27,44,45,30
2017-09-30,1,4,6,25,30,45,24
2017-10-02,2,11,22,31,34,44,15
2017-10-03,11,28,30,36,39,45,15
2017-10-04,2,7,17,20,22,46,40
2017-10-05,19,23,39,46,48,49,24
2017-10-06,4,18,26,30,39,47,22
2017-10-07,2,3,15,27,36,48,22
2017-10-09,4,11,35,44,45,48,37
2017-10-10,10,27,31,32,38,49,46
2017-10-11,5,19,21,30,36,47,41
2017-10-12,1,21,39,40,41,45,23
2017-10-13,1,2,5,8,22,37,28
2017-10-14,2,24,30,33,34,38,43
2017-10-16,1,5,11,12,23,36,22
2017-10-17,1,2,21,36,39,46,48
2017-10-18,3,13,19,32,34,43,33
2017-10-19,3,6,14,27,31,32,34
2017-10-20,11,13,20,29,36,37,6
2017-10-21,17,21,34,35,45,48,22
2017-10-23,18,21,40,42,46,48,22
2017-10-24,1,15,19,25,33,38,8
2017-10-25,4,10,28,36,45,48,41
2017-10-26,4,30,33,36,39,44,46
2017-10-27,7,11,19,21,33,35,43
2017-10-28,5,9,19,26,29,34,27
2017-10-30,1,2,15,34,43,49,41
2017-10-31,7,12,13,14,24,47,20
2017-11-01,3,26,35,36,44,48,7
2017-11-02,1,8,13,19,21,40,2
2017-11-03,2,6,10,27,44,47,42
2017-11-04,3,6,23,28,40,42,22
2017-11-06,5,19,42,43,46,49,41
2017-11-07,7,8,13,29,35,36,28
2017-11-08,12,18,21,29,39,48,43
2017-11-09,1,9,10,19,23,28,45
2017-11-10,6,24,32,46,47,48,4
2017-11-11,11,13,15,24,36,43,19
2017-11-13,2,19,40,45,47,48,28
2017-11-14,8,9,14,36,37,39,7
2017-11-15,2,10,37,39,45,46,48
2017-11-16,7,15,17,30,32,42,43
2017-11-17,9,10,33,40,41,42,21
2017-11-18,16,20,36,37,38,39,5
2017-11-20,10,19,29,34,40,42,43
2017-11-21,7,32,34,35,41,49,30
2017-11-22,4,13,16,22,32,36,30
2017-11-23,7,14,18,21,23,49,9
2017-11-24,4,6,23,31,44,45,3
2017-11-25,5,8,25,29,34,40,2
2017-11-27,4,6,7,12,16,23,1
2017-11-28,1,4,23,25,28,48,33
2017-11-29,3,7,9,14,29,40,22
2017-11-30,4,6,15,21,33,47,13
2017-12-01,9,17,19,23,37,44,38
2017-12-02,3,16,19,27,31,37,23
2017-12-04,5,30,36,38,41,45,20
2017-12-05,2,9,10,23,33,42,1
2017-12-06,21,27,29,39,44,45,14
2017-12-07,12,16,19,23,32,49,3
2017-12-08,5,9,10,14,41,42,46
2017-12-09,2,21,26,32,44,46,20
2017-12-11,3,22,27,32,33,45,29
2017-12-12,2,3,9,16,48,49,18
2017-12-13,11,12,33,36,37,44,4
2017-12-14,15,20,23,24,34,46,45
2017-12-15,8,10,15,27,41,43,30
2017-12-16,13,27,34,35,42,48,45
2017-12-18,20,32,33,45,47,49,19
2017-12-19,2,19,23,33,35,45,20
2017-12-20,24,28,36,38,41,42,1
2017-12-21,10,22,23,25,36,37,15
2017-12-22,3,14,16,17,31,46,2
2017-12-23,23,28,30,38,45,48,32
2017-12-25,3,18,20,35,38,46,7
2017-12-26,17,23,27,45,48,49,44
2017-12-27,2,8,14,21,24,36,1
2017-12-28,13,18,21,24,33,41,23
2017-12-29,11,17,18,34,35,37,29
2017-12-30,4,9,26,28,37,43,21
2018-01-01,1,12,17,21,25,27,9
2018-01-02,2,16,17,31,35,48,46
2018-01-03,7,10,13,25,30,31,1
2018-01-04,9,23,26,32,35,40,39
2018-01-05,9,17,19,25,38,42,48
2018-01-06,1,5,11,16,27,31,24
2018-01-08,2,14,16,25,46,49,39
2018-01-09,7,23,24,29,34,47,6
2018-01-10,1,12,15,21,31,45,17
2018-01-11,8,10,13,16,24,38,19
2018-01-12,12,19,21,24,25,31,29
2018-01-13,20,21,22,24,34,44,4
2018-01-15,9,18,24,28,35,41,49
2018-01-16,2,10,19,30,32,34,3
2018-01-17,11,15,18,34,39,41,21
2018-01-18,10,15,20,25,39,41,11
2018-01-19,13,18,30,31,37,40,36
2018-01-20,2,19,28,35,37,43,25
2018-01-22,3,12,14,15,21,28,17
2018-01-23,2,14,20,40,47,49,22
2018-01-24,6,20,31,40,44,46,49
2018-01-25,1,3,10,23,46,47,35
2018-01-26,3,7,22,35,41,44,34
2018-01-27,2,13,27,34,41,46,1
2018-01-29,1,14,31,36,38,40,18
2018-01-30,4,11,13,28,45,47,23
2018-01-31,4,9,14,27,34,36,32
2018-02-01,10,15,16,22,27,29,24
2018-02-02,3,16,26,27,44,46,2
2018-02-03,8,17,34,45,48,49,19
2018-02-05,15,18,29,36,37,46,10
2018-02-06,1,2,10,19,22,32,30
2018-02-07,9,17,20,40,43,46,24
2018-02-08,12,27,35,38,47,48,25
2018-02-09,10,11,12,31,33,34,37
2018-02-10,2,22,40,42,45,48,34
2018-02-12,8,10,16,18,20,41,11
2018-02-13,9,18,23,34,39,49,45
2018-02-14,1,10,25,27,32,39,19
2018-02-15,3,12,18,26,28,37,30
2018-02-16,9,21,22,30,34,43,36
2018-02-17,1,8,15,37,42,44,48
2018-02-19,7,12,22,25,32,41,18
2018-02-20,13,23,25,34,37,48,14
2018-02-21,4,9,25,32,42,46,18
2018-02-22,2,14,18,23,42,47,24
2018-02-23,13,18,21,24,28,37,41
2018-02-24,1,18,33,38,48,49,29
2018-02-26,5,6,14,27,46,47,48
2018-02-27,15,27,37,39,43,49,19
2018-02-28,3,4,30,39,45,47,15
2018-03-01,19,33,35,36,38,39,11
2018-03-02,21,28,30,37,43,45,39
2018-03-03,1,5,6,16,24,29,34
2018-03-05,1,15,23,24,36,49,31
2018-03-06,11,23,25,32,46,49,30
2018-03-07,1,3,10,23,30,48,8
2018-03-08,6,16,23,29,46,47,10
2018-03-09,5,23,25,33,37,49,8
2018-03-10,10,14,26,43,46,48,29
2018-03-12,2,23,24,31,33,39,20
2018-03-13,27,31,33,37,44,46,6
2018-03-14,11,14,33,35,38,48,45
2018-03-15,6,9,16,19,37,39,49
2018-03-16,5,11,15,18,20,21,44
2018-03-17,4,9,23,31,37,45,30
2018-03-19,4,7,20,24,26,45,46
2018-03-20,2,6,18,19,25,30,31
2018-03-21,4,6,23,33,40,41,14
2018-03-22,19,26,34,35,43,45,22
2018-03-23,8,19,24,26,33,37,25
2018-03-24,23,27,29,39,43,48,21
2018-03-26,1,13,20,26,41,48,19
2018-03-27,18,22,28,33,35,38,11
2018-03-28,2,9,14,21,27,48,41
2018-03-29,9,16,25,36,37,38,23
2018-03-30,1,5,7,14,23,32,43
2018-03-31,15,22,28,29,40,48,2
2018-04-02,1,8,25,28,31,33,7
2018-04-03,9,23,31,37,45,47,19
2018-04-04,3,4,6,22,29,35,24
2018-04-05,5,8,15,19,33,47,14
2018-04-06,1,2,7,14,28,36,27
2018-04-07,9,28,40,42,43,47,37
2018-04-09,2,21,22,29,40,44,15
2018-04-10,8,11,17,23,37,44,16
2018-04-11,1,13,14,37,39,40,11
2018-04-12,6,15,16,32,41,47,18
2018-04-13,28,32,34,37,43,49,10
2018-04-14,11,24,28,31,32,44,36
2018-04-16,9,12,17,19,23,42,47
2018-04-17,4,5,26,28,31,44,35
2018-04-18,5,11,29,33,34,37,26
2018-04-19,3,5,6,11,35,46,32
2018-04-20,7,15,18,19,22,37,23
2018-04-21,16,20,27,41,44,45,28
2018-04-23,4,11,20,24,37,38,5
2018-04-24,1,3,14,16,39,49,30
2018-04-25,3,6,7,10,24,47,31
2018-04-26,6,16,27,28,31,34,25
2018-04-27,4,25,29,30,36,42,11
2018-04-28,10,21,24,26,27,36,34
2018-04-30,5,10,12,17,25,33,7
2018-05-01,6,16,21,24,33,47,19
2018-05-02,8,12,15,17,26,45,39
2018-05-03,4,19,31,35,38,48,41
2018-05-04,1,10,27,28,31,47,11
2018-05-05,6,11,27,37,38,45,2
2018-05-07,2,20,22,29,30,45,42
2018-05-08,1,4,7,8,17,46,29
2018-05-09,3,6,21,22,24,48,17
2018-05-10,14,19,36,37,38,40,26
2018-05-11,1,19,25,29,33,36,40
2018-05-12,9,11,14,31,40,49,30
2018-05-14,9,10,13,17,37,47,21
2018-05-15,7,10,15,17,31,49,34
2018-05-16,5,13,31,38,45,48,44
2018-05-17,1,7,19,29,31,39,43
2018-05-18,15,22,28,34,38,49,6
2018-05-19,2,25,32,36,47,49,7
2018-05-21,3,13,14,29,46,47,9
2018-05-22,8,16,22,30,31,36,45
2018-05-23,13,15,25,30,33,35,43
2018-05-24,2,16,22,24,28,35,1
2018-05-25,1,28,29,31,39,40,45
2018-05-26,16,20,28,39,43,49,47
2018-05-28,6,7,12,19,41,44,29
2018-05-29,8,14,22,33,36,42,32
2018-05-30,17,23,24,28,32,33,40
2018-05-31,1,27,32,40,46,47,14
2018-06-01,1,5,11,19,33,36,49
2018-06-02,6,22,28,35,46,48,42
2018-06-04,3,5,17,26,38,40,36
2018-06-05,20,22,37,38,40,45,3
2018-06-06,2,4,20,24,26,35,49
2018-06-07,2,6,12,19,27,30,15
2018-06-08,11,12,14,43,45,46,34
2018-06-09,17,21,35,36,38,46,8
2018-06-11,22,28,31,33,36,37,5
2018-06-12,6,26,34,35,38,45,30
2018-06-13,2,8,9,19,32,42,7
2018-06-14,1,2,16,30,33,47,26
2018-06-15,2,5,7,24,27,46,10
2018-06-16,4,30,33,34,38,40,35
2018-06-18,13,21,23,24,25,41,38
2018-06-19,8,12,20,21,29,32,45
2018-06-20,3,16,28,38,43,47,33
2018-06-21,2,5,8,19,22,36,48
2018-06-22,12,15,19,38,43,46,14
2018-06-23,10,14,27,29,34,39,12
2018-06-25,12,13,14,33,44,46,10
2018-06-26,15,19,20,25,27,38,46
2018-06-27,19,24,25,39,40,41,8
2018-06-28,2,18,20,25,29,48,45
2018-06-29,10,12,13,20,30,47,9
2018-06-30,12,18,27,29,30,36,45
2018-07-02,20,29,32,40,41,43,45
2018-07-03,10,18,19,29,31,48,32
2018-07-04,5,12,20,41,44,45,43
2018-07-05,23,25,39,43,45,48,4
2018-07-06,5,8,10,32,35,36,11
2018-07-07,3,4,21,24,40,47,17
2018-07-09,7,31,33,34,43,45,28
2018-07-10,15,16,19,33,46,49,47
2018-07-11,5,15,20,23,36,46,41
2018-07-12,7,12,21,38,41,49,39
2018-07-13,4,10,29,34,39,43,35
2018-07-14,18,24,30,37,38,40,26
2018-07-16,4,20,31,33,39,46,17
2018-07-17,5,15,21,34,38,43,16
2018-07-18,2,5,7,12,28,41,16
2018-07-19,5,10,13,30,39,46,41
2018-07-20,12,20,21,25,35,44,16
2018-07-21,18,20,23,36,40,47,3
2018-07-23,5,23,25,27,31,47,41
2018-07-24,18,22,25,27,38,44,29
2018-07-25,18,25,35,39,46,47,15
2018-07-26,12,25,36,37,39,46,44
2018-07-27,14,15,30,39,44,45,28
2018-07-28,7,8,18,40,43,49,13
2018-07-30,1,3,16,19,33,43,34
2018-07-31,1,2,8,20,22,48,40
2018-08-01,2,21,26,30,33,36,39
2018-08-02,2,5,8,10,17,33,12
2018-08-03,3,5,10,12,38,42,16
2018-08-04,8,10,17,34,38,44,15
2018-08-06,3,6,7,11,25,26,18
2018-08-07,19,20,22,28,42,43,12
2018-08-08,3,12,15,20,23,45,44
2018-08-09,1,18,19,21,24,29,28
2018-08-10,10,23,29,38,41,49,39
2018-08-11,4,5,10,13,32,43,39
2018-08-13,10,21,22,36,39,47,28
2018-08-14,5,6,10,15,24,36,43
2018-08-15,4,5,24,34,43,45,37
2018-08-16,3,23,27,28,29,32,24
2018-08-17,8,9,14,21,28,46,49
2018-08-18,1,4,30,33,34,49,32
2018-08-20,11,14,19,29,30,31,48
2018-08-21,4,6,7,25,28,45,36
2018-08-22,2,9,10,33,38,40,18
2018-08-23,10,16,32,39,42,46,45
2018-08-24,4,12,13,15,37,45,22
2018-08-25,18,19,20,38,44,47,17
2018-08-27,4,7,23,36,38,47,9
2018-08-28,16,18,24,27,30,33,34
2018-08-29,3,6,15,21,44,45,40
2018-08-30,3,4,5,25,34,36,30
2018-08-31,2,11,19,25,41,44,40
2018-09-01,7,13,28,30,37,39,19
2018-09-03,5,13,32,33,36,46,18
2018-09-04,13,20,21,29,34,35,33
2018-09-05,10,13,16,37,46,47,9
2018-09-06,7,10,17,30,36,46,39
2018-09-07,11,14,25,30,41,49,35
2018-09-08,4,24,40,43,47,49,2
2018-09-10,6,8,25,30,41,45,22
2018-09-11,8,27,30,36,39,45,42
2018-09-12,3,9,11,20,44,46,5
2018-09-13,11,12,17,25,35,47,2
2018-09-14,8,10,11,33,44,47,14
2018-09-15,2,5,17,20,22,43,19
2018-09-17,3,22,25,35,41,48,46
2018-09-18,9,11,21,27,28,29,3
2018-09-19,26,27,29,30,31,39,44
2018-09-20,3,8,29,31,46,49,39
2018-09-21,10,12,15,35,47,49,18
2018-09-22,10,21,30,33,38,40,44
2018-09-24,2,4,11,17,40,45,3
2018-09-25,14,21,22,27,38,47,1
2018-09-26,24,25,30,35,36,44,41
2018-09-27,4,11,20,30,41,44,46
2018-09-28,1,5,9,19,44,48,42
2018-09-29,2,19,30,32,35,49,4
2018-10-01,1,7,9,22,27,44,16
2018-10-02,5,15,18,28,34,46,33
2018-10-03,11,15,16,32,40,41,29
2018-10-04,1,15,16,18,31,39,20
2018-10-05,2,5,19,21,22,35,1
2018-10-06,2,8,12,22,39,48,44
2018-10-08,8,16,22,29,32,35,12
2018-10-09,9,18,30,34,45,49,38
2018-10-10,2,11,21,31,36,48,33
2018-10-11,2,4,15,29,30,49,34
2018-10-12,1,14,32,38,41,46,4
2018-10-13,3,23,24,43,45,46,22
2018-10-15,1,2,20,26,28,48,39
2018-10-16,4,5,26,28,34,43,6
2018-10-17,9,17,18,19,27,39,15
2018-10-18,21,28,30,33,46,47,35
2018-10-19,7,14,19,36,38,44,15
2018-10-20,8,9,23,27,34,46,11
2018-10-22,4,10,19,22,31,48,27
2018-10-23,3,17,20,21,36,44,26
2018-10-24,9,22,23,27,30,44,3
2018-10-25,2,8,15,25,27,49,36
2018-10-26,10,19,23,30,37,38,9
2018-10-27,12,13,17,32,35,47,7
2018-10-29,2,5,9,18,33,40,8
2018-10-30,4,11,29,41,46,47,48
2018-10-31,4,8,14,15,31,38,6
2018-11-01,4,16,24,35,42,44,30
2018-11-02,8,15,22,31,36,40,27
2018-11-03,18,33,39,41,45,49,40
2018-11-05,5,17,22,26,37,44,24
2018-11-06,6,9,16,31,35,46,20
2018-11-07,7,11,14,28,46,47,10
2018-11-08,1,3,20,28,35,45,33
2018-11-09,2,10,22,38,41,46,42
2018-11-10,3,9,10,42,48,49,8
2018-11-12,5,13,18,27,36,46,4
2018-11-13,5,14,15,17,22,36,39
2018-11-14,1,8,12,24,28,39,2
2018-11-15,6,11,14,29,35,45,2
2018-11-16,1,16,26,29,38,41,7
2018-11-17,15,17,22,26,36,39,46
2018-11-19,19,28,32,43,47,49,11
2018-11-20,1,15,22,25,35,45,34
2018-11-21,2,16,18,29,35,48,17
2018-11-22,9,12,16,37,44,46,49
2018-11-23,8,11,25,26,33,44,1
2018-11-24,1,11,30,32,39,41,15
2018-11-26,18,37,39,40,48,49,43
2018-11-27,2,3,19,23,36,47,39
2018-11-28,3,16,35,36,40,49,44
2018-11-29,10,14,15,27,33,49,11
2018-11-30,1,11,13,29,33,34,3
2018-12-01,9,16,18,33,38,48,34
2018-12-03,5,17,19,22,25,46,38
2018-12-04,2,7,9,16,17,48,49
2018-12-05,6,14,28,29,36,37,48
2018-12-06,6,17,21,27,37,47,16
2018-12-07,7,19,29,34,39,41,4
2018-12-08,1,24,25,30,33,38,2
2018-12-10,8,9,10,12,30,31,22
2018-12-11,7,18,20,21,33,37,45
2018-12-12,14,29,40,41,42,47,34
2018-12-13,5,9,11,14,22,29,3
2018-12-14,1,17,25,27,43,45,7
2018-12-15,1,5,17,23,33,39,36
2018-12-17,1,2,8,25,28,35,48
2018-12-18,1,27,32,34,37,42,16
2018-12-19,8,20,28,37,40,45,6
2018-12-20,2,12,18,30,46,47,15
2018-12-21,2,12,17,33,34,38,14
2018-12-22,1,17,23,27,35,36,15
2018-12-24,7,18,19,28,37,44,23
2018-12-25,1,3,13,35,45,46,17
2018-12-26,5,18,21,23,27,43,30
2018-12-27,14,19,25,37,39,48,9
2018-12-28,17,29,30,31,37,49,2
2018-12-29,4,5,12,13,21,40,14
2018-12-31,1,4,28,31,42,49,39
2019-01-01,9,16,27,32,43,44,14
2019-01-02,5,7,10,34,46,49,6
2019-01-03,5,12,34,35,39,47,48
2019-01-04,6,8,23,28,43,48,12
2019-01-05,7,10,16,20,28,42,47
2019-01-07,6,8,38,41,42,43,48
2019-01-08,5,19,30,31,39,41,25
2019-01-09,13,14,19,34,46,49,42
2019-01-10,6,11,18,27,44,45,29
2019-01-11,2,19,28,29,44,46,11
2019-01-12,4,16,26,35,39,45,40
2019-01-14,9,12,17,18,44,48,24
2019-01-15,13,27,33,41,43,48,49
2019-01-16,12,33,40,45,46,47,41
2019-01-17,1,14,20,34,35,49,45
2019-01-18,11,13,20,30,42,46,21
2019-01-19,10,20,24,27,29,41,45
2019-01-21,1,8,10,15,41,49,39
2019-01-22,18,23,35,44,45,47,27
2019-01-23,22,25,27,30,48,49,24
2019-01-24,17,29,35,42,44,49,40
2019-01-25,2,5,32,33,46,47,37
2019-01-26,22,24,30,33,37,40,39
2019-01-28,1,2,7,17,19,46,47
2019-01-29,5,18,22,39,41,45,31
2019-01-30,2,3,4,7,20,48,41
2019-01-31,17,19,24,36,41,46,47
2019-02-01,5,9,18,34,37,48,14
2019-02-02,10,12,18,20,24,45,40
2019-02-04,10,12,19,34,36,41,5
2019-02-05,1,19,26,38,40,44,10
2019-02-06,9,30,37,41,43,44,20
2019-02-07,1,11,15,17,38,39,2
2019-02-08,2,8,13,32,44,48,25
2019-02-09,2,14,17,22,41,49,47
2019-02-11,2,9,14,31,40,46,37
2019-02-12,9,13,28,30,31,49,47
2019-02-13,28,38,39,40,48,49,13
2019-02-14,9,12,16,23,36,47,46
2019-02-15,4,12,16,28,40,41,17
2019-02-16,6,13,38,40,42,47,10
2019-02-18,14,17,26,30,36,45,2
2019-02-19,3,9,23,25,33,35,45
2019-02-20,8,24,32,36,44,48,17
2019-02-21,4,9,17,33,37,40,27
2019-02-22,2,14,17,18,32,44,30
2019-02-23,3,14,37,38,45,47,4
2019-02-25,4,6,15,26,42,49,41
2019-02-26,2,6,20,24,32,41,47
2019-02-27,9,19,23,33,44,45,36
2019-02-28,4,21,26,27,35,47,14
2019-03-01,3,6,15,40,41,44,36
2019-03-02,12,16,17,29,35,41,47
2019-03-04,3,4,6,27,35,48,36
2019-03-05,17,18,25,33,42,46,32
2019-03-06,8,10,11,15,46,48,29
2019-03-07,5,8,12,36,37,39,29
2019-03-08,5,9,28,32,35,38,23
2019-03-09,3,4,15,35,40,41,23
2019-03-11,11,12,16,25,28,42,2
2019-03-12,3,8,24,28,44,45,20
2019-03-13,2,15,16,27,46,49,21
2019-03-14,16,21,27,28,29,47,6
2019-03-15,9,19,29,34,35,37,8
2019-03-16,4,5,9,14,32,49,30
2019-03-18,9,18,19,20,22,40,32
2019-03-19,5,12,17,34,44,48,6
2019-03-20,4,19,23,37,44,48,36
2019-03-21,3,10,25,35,36,47,9
2019-03-22,5,23,35,37,40,44,32
2019-03-23,1,4,5,27,30,43,19
2019-03-25,7,13,16,20,28,31,10
2019-03-26,11,14,16,26,36,45,5
2019-03-27,2,13,18,21,36,40,15
2019-03-28,5,6,14,18,46,47,21
2019-03-29,4,15,19,31,48,49,7
2019-03-30,6,13,17,33,47,48,24
2019-04-01,2,11,14,19,27,47,13
2019-04-02,1,24,33,39,40,49,35
2019-04-03,1,22,24,26,27,48,40
2019-04-04,8,10,20,24,28,42,31
2019-04-05,7,10,18,20,33,35,39
2019-04-06,4,20,21,26,30,35,45
2019-04-08,3,21,23,31,33,39,18
2019-04-09,24,30,33,34,37,40,26
2019-04-10,1,9,14,21,35,48,42
2019-04-11,7,10,20,28,35,48,46
2019-04-12,9,21,22,42,44,47,27
2019-04-13,2,9,16,20,24,44,38
2019-04-15,4,9,13,15,22,24,45
2019-04-16,10,32,36,38,45,46,21
2019-04-17,2,10,14,15,43,47,26
2019-04-18,13,14,31,33,48,49,20
2019-04-19,6,9,24,37,43,47,3
2019-04-20,3,5,17,18,27,44,6
2019-04-22,2,5,10,13,16,29,30
2019-04-23,5,9,12,14,34,41,4
2019-04-24,9,15,17,25,28,41,36
2019-04-25,7,14,16,20,26,47,21
2019-04-26,1,3,22,28,33,42,8
2019-04-27,3,12,15,32,43,48,37
2019-04-29,2,5,6,9,21,46,34
2019-04-30,4,8,17,25,33,37,42
2019-05-01,5,8,29,35,36,47,10
2019-05-02,2,8,12,22,25,27,48
2019-05-03,3,23,27,30,40,48,14
2019-05-04,9,15,17,24,41,46,4
2019-05-06,4,13,18,35,39,42,26
2019-05-07,7,10,11,27,45,47,16
2019-05-08,13,31,39,40,42,44,4
2019-05-09,1,11,21,30,32,39,38
2019-05-10,26,27,28,35,37,39,46
2019-05-11,2,13,18,32,37,42,22
2019-05-13,10,19,35,36,46,48,16
2019-05-14,2,22,23,26,33,48,30
2019-05-15,7,16,26,29,32,47,24
2019-05-16,16,24,30,37,42,45,23
2019-05-17,16,30,36,38,39,44,1
2019-05-18,6,22,36,37,42,49,33
2019-05-20,13,28,29,30,44,46,6
2019-05-21,9,14,22,25,29,45,28
2019-05-22,5,9,31,32,36,42,40
2019-05-23,16,20,24,32,43,48,7
2019-05-24,1,9,11,17,22,47,43
2019-05-25,1,12,17,28,38,47,45
2019-05-27,1,5,14,17,30,44,11
2019-05-28,13,26,27,33,40,44,34
2019-05-29,5,6,16,31,32,43,38
2019-05-30,2,9,13,22,23,32,4
2019-05-31,3,5,7,27,32,46,49
2019-06-01,4,9,25,30,42,46,27
2019-06-03,18,24,27,40,43,49,30
2019-06-04,1,23,24,32,33,34,48
2019-06-05,4,18,25,36,37,39,21
2019-06-06,2,4,14,32,34,47,42
2019-06-07,5,7,25,27,34,43,6
2019-06-08,14,17,23,27,38,42,44
2019-06-10,1,24,29,38,41,45,44
2019-06-11,3,25,33,36,37,47,40
2019-06-12,2,26,31,35,47,48,18
2019-06-13,7,32,45,47,48,49,35
2019-06-14,2,11,23,31,41,43,7
2019-06-15,8,9,11,25,28,39,33
2019-06-17,10,27,35,37,45,49,1
2019-06-18,1,2,18,22,35,38,33
2019-06-19,13,17,19,20,36,41,27
2019-06-20,15,24,34,35,36,41,39
2019-06-21,3,7,16,19,27,32,47
2019-06-22,13,24,25,31,34,49,8
2019-06-24,9,19,22,31,39,46,7
2019-06-25,1,5,12,21,23,49,11
2019-06-26,13,15,16,18,31,37,41
2019-06-27,6,22,24,32,33,49,47
2019-06-28,1,16,22,35,40,41,14
2019-06-29,4,8,22,27,38,49,25
2019-07-01,7,8,10,15,31,38,43
2019-07-02,4,15,21,29,33,47,27
2019-07-03,9,10,13,25,33,35,43
2019-07-04,7,14,25,32,38,46,9
2019-07-05,12,19,21,22,28,29,42
2019-07-06,11,17,19,21,23,37,13
2019-07-08,15,20,22,34,46,49,30
2019-07-09,8,13,20,22,28,49,24
2019-07-10,2,4,6,25,36,46,32
2019-07-11,11,15,21,24,38,47,25
2019-07-12,2,19,23,36,37,49,24
2019-07-13,7,10,15,17,44,45,22
2019-07-15,1,9,14,17,25,34,38
2019-07-16,11,15,26,41,43,44,46
2019-07-17,2,26,35,41,42,47,37
2019-07-18,9,14,15,34,46,47,40
2019-07-19,10,21,27,33,38,46,39
2019-07-20,2,18,23,31,33,43,37
2019-07-22,24,25,30,39,41,47,49
2019-07-23,4,24,31,32,41,42,11
2019-07-24,4,10,28,44,46,47,2
2019-07-25,7,9,10,28,34,41,18
2019-07-26,6,20,22,34,39,45,44
2019-07-27,7,11,15,34,37,40,5
2019-07-29,8,18,19,31,40,41,2
2019-07-30,9,10,26,30,36,43,38
2019-07-31,12,13,19,27,33,45,14
2019-08-01,6,13,15,17,24,43,18
2019-08-02,13,22,39,45,48,49,17
2019-08-03,4,18,32,34,38,44,8
2019-08-05,3,5,18,19,21,27,40
2019-08-06,3,6,14,15,19,37,32
2019-08-07,17,24,26,33,45,48,30
2019-08-08,3,8,10,36,37,42,45
2019-08-09,14,30,39,40,41,47,2
2019-08-10,4,6,16,26,27,28,43
2019-08-12,4,17,25,31,32,45,11
2019-08-13,12,20,21,22,25,30,42
2019-08-14,8,26,29,38,43,46,12
2019-08-15,3,8,11,19,37,45,46
2019-08-16,11,15,30,33,34,40,2
2019-08-17,10,13,18,21,22,27,31
2019-08-19,1,19,20,21,33,46,48
2019-08-20,4,16,20,28,41,48,42
2019-08-21,18,21,27,37,47,48,11
2019-08-22,5,12,19,28,35,41,31
2019-08-23,5,13,27,31,34,41,30
2019-08-24,25,33,39,41,42,47,11
2019-08-26,2,31,34,35,41,44,10
2019-08-27,6,10,16,20,33,47,25
2019-08-28,4,10,11,17,42,47,6
2019-08-29,10,13,19,22,26,29,27
2019-08-30,1,2,10,19,34,41,17
2019-08-31,5,17,23,32,43,49,31
2019-09-02,8,9,18,34,40,44,6
2019-09-03,1,25,30,35,44,46,40
2019-09-04,7,22,25,39,45,46,8
2019-09-05,2,3,5,10,24,32,27
2019-09-06,7,14,16,20,40,49,4
2019-09-07,6,9,23,31,36,47,27
2019-09-09,12,14,27,41,42,47,43
2019-09-10,2,13,16,17,44,49,38
2019-09-11,6,14,26,40,41,46,22
2019-09-12,6,14,18,28,31,36,23
2019-09-13,12,15,21,25,27,34,29
2019-09-14,5,9,11,12,19,32,47
2019-09-16,9,13,21,25,44,48,11
2019-09-17,3,6,7,10,15,31,24
2019-09-18,10,18,22,32,34,40,35
2019-09-19,11,22,30,36,42,49,16
2019-09-20,1,6,10,11,22,43,18
2019-09-21,2,13,17,22,32,37,20
2019-09-23,10,13,15,20,30,40,4
2019-09-24,4,24,28,34,37,45,30
2019-09-25,4,5,25,39,40,41,30
2019-09-26,18,20,24,42,47,49,30
2019-09-27,1,7,8,25,30,37,16
2019-09-28,25,31,43,44,48,49,27
2019-09-30,1,6,14,26,33,47,23
2019-10-01,17,18,24,25,26,46,16
2019-10-02,3,12,19,20,23,36,39
2019-10-03,6,8,15,18,38,40,21
2019-10-04,10,11,13,22,35,44,4
2019-10-05,5,9,16,30,36,49,39
2019-10-07,29,30,34,37,39,41,24
2019-10-08,18,19,34,36,39,48,7
2019-10-09,22,25,31,34,36,46,45
2019-10-10,5,11,24,35,46,49,17
2019-10-11,12,16,18,35,39,44,28
2019-10-12,4,5,11,22,28,41,36
2019-10-14,10,21,34,38,45,48,11
2019-10-15,13,19,21,36,38,42,45
2019-10-16,3,8,9,25,27,39,44
2019-10-17,3,8,21,27,31,45,38
2019-10-18,1,6,12,14,16,35,31
2019-10-19,4,12,25,26,36,42,33
2019-10-21,8,12,13,25,36,40,27
2019-10-22,6,14,29,45,46,49,48
2019-10-23,1,4,6,17,23,41,24
2019-10-24,2,3,8,9,12,42,49
2019-10-25,3,5,16,23,29,30,24
2019-10-26,4,18,25,28,30,44,48
2019-10-28,2,8,21,31,35,40,24
2019-10-29,14,20,28,34,43,49,30
2019-10-30,3,5,7,29,32,45,14
2019-10-31,7,20,25,26,32,38,43
2019-11-01,8,20,21,24,27,45,6
2019-11-02,4,17,18,38,47,48,31
2019-11-04,12,19,21,29,32,37,38
2019-11-05,3,8,29,33,38,40,7
2019-11-06,4,14,15,39,44,47,36
2019-11-07,13,14,18,21,31,43,27
2019-11-08,4,34,35,36,44,45,40
2019-11-09,7,14,21,45,47,48,35
2019-11-11,2,25,30,31,32,33,1
2019-11-12,20,26,32,35,37,39,41
2019-11-13,5,16,28,32,34,47,49
2019-11-14,10,13,16,18,25,33,24
2019-11-15,5,13,18,20,37,48,23
2019-11-16,12,18,37,41,44,46,33
2019-11-18,5,21,22,29,39,41,1
2019-11-19,4,6,18,20,31,41,11
2019-11-20,11,13,21,23,26,35,15
2019-11-21,1,8,10,20,21,49,3
2019-11-22,3,9,11,22,25,38,41
2019-11-23,15,19,26,32,36,48,49
2019-11-25,13,15,27,38,40,44,29
2019-11-26,5,18,38,42,45,48,19
2019-11-27,6,16,18,33,42,44,10
2019-11-28,10,11,13,15,35,47,7
2019-11-29,21,22,31,33,34,40,41
2019-11-30,6,22,23,34,35,37,7
2019-12-02,6,8,10,38,42,44,11
2019-12-03,3,6,27,33,35,37,10
2019-12-04,11,19,34,35,41,44,24
2019-12-05,5,7,9,11,21,27,26
2019-12-06,1,4,7,12,14,49,24
2019-12-07,23,30,31,37,47,49,38
2019-12-09,2,20,25,28,29,45,48
2019-12-10,10,11,12,20,24,36,34
2019-12-11,9,14,20,30,40,49,44
2019-12-12,15,18,41,44,45,49,11
2019-12-13,6,11,26,32,36,42,18
2019-12-14,1,5,6,27,31,37,3
2019-12-16,4,11,20,24,26,48,31
2019-12-17,12,13,17,39,43,49,27
2019-12-18,18,24,25,26,32,45,35
2019-12-19,5,37,39,42,43,48,21
2019-12-20,4,11,15,30,40,45,38
2019-12-21,8,13,18,25,26,44,15
2019-12-23,11,21,30,35,39,40,28
2019-12-24,3,6,33,46,47,49,29
2019-12-25,1,11,14,30,34,37,23
2019-12-26,6,20,22,35,38,45,28
2019-12-27,7,22,23,24,43,49,14
2019-12-28,2,12,26,30,33,44,41
2019-12-30,11,16,17,26,37,41,46
2019-12-31,4,13,17,18,30,49,5
2020-01-01,5,28,29,43,44,46,23
2020-01-02,17,20,25,33,37,49,48
2020-01-03,6,31,33,41,46,47,18
2020-01-04,11,12,29,37,39,46,13
2020-01-06,8,16,18,34,36,38,32
2020-01-07,27,29,32,39,41,45,23
2020-01-08,11,14,17,24,26,43,32
2020-01-09,3,9,13,19,33,40,22
2020-01-10,7,16,17,20,23,39,22
2020-01-11,5,6,25,33,38,49,48
2020-01-13,8,17,21,32,35,46,25
2020-01-14,2,7,22,29,39,41,48
2020-01-15,1,11,13,14,22,35,23
2020-01-16,14,32,33,34,36,49,11
2020-01-17,17,29,39,42,45,46,16
2020-01-18,7,19,23,28,32,35,9
2020-01-20,3,15,18,24,47,48,10
2020-01-21,3,25,28,29,41,43,40
2020-01-22,10,11,14,34,42,49,4
2020-01-23,12,16,17,19,27,34,28
2020-01-24,13,16,25,31,35,43,46
2020-01-25,6,10,18,24,40,41,28
2020-01-27,1,5,18,21,27,45,37
2020-01-28,1,7,8,37,44,46,42
2020-01-29,21,24,38,41,42,48,19
2020-01-30,28,30,33,35,36,42,46
2020-01-31,6,13,22,27,37,43,10
2020-02-01,7,23,28,42,44,46,47
2020-02-03,6,13,15,24,32,42,8
2020-02-04,11,15,18,23,32,34,21
2020-02-05,3,8,20,43,48,49,10
2020-02-06,4,11,17,20,45,47,31
2020-02-07,11,15,18,23,33,45,27
2020-02-08,9,11,26,33,42,49,5
2020-02-10,12,14,15,24,39,47,30
2020-02-11,5,14,17,32,45,46,48
2020-02-12,3,7,11,34,38,45,19
2020-02-13,1,5,9,14,28,42,18
2020-02-14,4,9,14,15,18,45,38
2020-02-15,2,6,7,35,36,45,48
2020-02-17,16,29,39,40,44,48,47
2020-02-18,10,17,29,32,35,46,36
2020-02-19,21,30,31,36,41,48,4
2020-02-20,1,5,8,10,37,42,29
2020-02-21,5,7,11,25,26,35,43
2020-02-22,2,14,26,37,45,49,33
2020-02-24,10,21,27,28,39,46,3
2020-02-25,5,19,26,32,39,46,18
2020-02-26,3,24,28,34,36,46,25
2020-02-27,12,17,18,24,27,43,38
2020-02-28,18,20,31,32,45,46,22
2020-02-29,5,8,13,43,45,46,44
2020-03-02,4,8,10,13,22,23,43
2020-03-03,2,18,26,36,42,49,6
2020-03-04,3,5,20,30,32,44,6
2020-03-05,4,7,12,35,38,40,8
2020-03-06,14,18,20,34,35,38,10
2020-03-07,14,24,31,39,41,48,5
2020-03-09,10,13,14,19,36,43,18
2020-03-10,4,7,11,12,20,27,36
2020-03-11,13,17,18,21,37,41,29
2020-03-12,13,15,25,29,35,48,12
2020-03-13,9,14,15,16,25,42,31
2020-03-14,14,18,25,28,40,41,34
2020-05-25,4,13,15,18,19,46,16
2020-05-26,21,23,28,37,42,44,40
2020-05-27,6,15,22,23,29,30,17
2020-05-28,1,4,9,31,32,43,21
2020-05-29,4,13,17,34,41,46,39
2020-05-30,4,13,14,35,40,42,1
2020-06-01,1,4,26,29,33,41,34
2020-06-02,12,21,29,30,33,36,28
2020-06-03,8,20,22,34,35,42,6
2020-06-04,2,4,17,23,29,48,24
2020-06-05,13,17,19,24,36,39,45
2020-06-06,23,24,30,39,43,48,2
2020-06-08,6,8,34,43,45,49,44
2020-06-09,2,11,12,22,24,35,33
2020-06-10,8,11,17,32,41,42,34
2020-06-11,14,16,23,29,34,35,5
2020-06-12,19,20,21,22,26,30,3
2020-06-13,6,8,26,32,40,46,42
2020-06-15,3,4,14,15,28,32,43
2020-06-16,10,14,15,17,26,45,6
2020-06-17,9,18,26,36,42,43,28
2020-06-18,2,3,11,13,37,48,42
2020-06-19,6,13,22,35,36,47,20
2020-06-20,2,12,14,16,17,49,18
2020-06-22,1,3,7,10,11,49,5
2020-06-23,7,19,20,27,35,44,21
2020-06-24,19,20,23,38,40,45,27
2020-06-25,5,18,22,28,33,43,23
2020-06-26,5,13,33,38,40,43,42
2020-06-27,2,17,20,21,40,47,46
2020-06-29,10,20,32,37,40,45,28
2020-06-30,20,22,29,30,33,37,27
2020-07-01,4,6,8,21,23,43,45
2020-07-02,3,6,17,33,35,43,42
2020-07-03,2,21,25,34,39,44,22
2020-07-04,10,13,26,32,38,39,37
2020-07-06,11,26,32,34,40,41,10
2020-07-07,7,14,19,26,41,46,32
2020-07-08,7,13,20,23,28,37,18
2020-07-09,4,15,27,37,38,40,5
2020-07-10,7,19,22,34,39,47,44
2020-07-11,3,14,29,37,46,49,30
2020-07-13,9,11,23,26,42,43,10
2020-07-14,4,13,16,26,28,41,22
2020-07-15,14,19,24,28,36,45,48
2020-07-16,16,20,28,29,34,42,47
2020-07-17,5,8,11,17,26,40,9
2020-07-18,2,15,20,31,37,48,3
2020-07-20,1,16,30,35,37,40,39
2020-07-21,23,35,40,44,45,49,36
2020-07-22,1,4,29,33,38,49,41
2020-07-23,10,12,19,23,33,47,45
2020-07-24,5,7,9,13,15,23,28
2020-07-25,1,13,18,26,38,42,15
2020-07-27,8,22,24,27,29,41,14
2020-07-28,6,7,9,20,27,30,47
2020-07-29,1,3,7,23,27,30,47
2020-07-30,7,10,13,16,37,48,41
2020-07-31,6,14,17,27,38,43,10
2020-08-01,4,8,29,34,43,44,49
2020-08-03,11,28,36,37,45,48,17
2020-08-04,5,11,13,17,36,47,34
2020-08-05,8,20,24,27,38,39,4
2020-08-06,15,16,29,39,41,44,46
2020-08-07,3,19,22,36,42,47,34
2020-08-08,6,13,26,37,39,46,7
2020-08-10,3,26,29,34,42,49,27
2020-08-11,4,10,14,17,20,39,38
2020-08-12,7,9,13,21,27,43,22
2020-08-13,7,10,15,26,34,35,37
2020-08-14,1,3,11,14,30,37,7
2020-08-15,6,14,17,18,20,46,10
2020-08-17,3,11,20,21,30,38,36
2020-08-18,14,24,26,28,44,47,8
2020-08-19,1,12,37,39,40,44,18
2020-08-20,17,19,35,36,38,42,37
2020-08-21,3,5,12,21,25,37,10
2020-08-22,1,10,12,15,24,42,8
2020-08-24,11,18,32,33,36,37,9
2020-08-25,6,11,22,30,41,48,3
2020-08-26,10,13,21,39,41,49,35
2020-08-27,2,4,10,15,25,44,47
2020-08-28,7,13,17,20,35,40,8
2020-08-29,14,30,34,35,41,47,45
2020-08-31,20,24,27,29,38,42,37
2020-09-01,2,4,15,19,35,46,44
2020-09-02,6,16,28,43,44,45,48
2020-09-03,2,10,13,29,30,47,3
2020-09-04,1,29,30,32,41,46,47
2020-09-05,10,16,21,24,25,31,41
2020-09-07,8,27,34,35,43,48,30
2020-09-08,2,8,18,34,36,38,3
2020-09-09,14,20,26,28,36,41,10
2020-09-10,1,13,19,36,38,48,43
2020-09-11,1,3,10,38,48,49,29
2020-09-12,17,34,35,40,47,48,3
2020-09-14,7,9,28,32,40,47,4
2020-09-15,14,23,25,31,37,47,2
2020-09-16,1,6,16,19,37,38,43
2020-09-17,23,24,32,33,34,47,22
2020-09-18,4,9,23,24,27,38,22
2020-09-19,1,6,28,29,37,45,2
2020-09-21,11,13,21,33,42,49,45
2020-09-22,4,6,18,19,33,39,3
2020-09-23,3,13,18,23,37,48,47
2020-09-24,2,5,26,36,41,44,43
2020-09-25,2,20,32,41,42,45,33
2020-09-26,1,8,17,27,39,40,7
2020-09-28,2,3,13,36,41,45,21
2020-09-29,2,5,31,43,47,49,15
2020-09-30,5,8,16,33,37,39,38
2020-10-01,4,5,22,25,27,31,3
2020-10-02,4,6,9,24,29,49,37
2020-10-03,2,13,20,36,44,47,7
2020-10-05,5,17,21,28,29,35,25
2020-10-06,8,11,26,37,45,48,33
2020-10-07,5,7,10,27,37,48,17
2020-10-08,6,11,23,30,44,48,39
2020-10-09,4,26,33,36,41,46,44
2020-10-10,11,13,20,25,30,37,15
2020-10-12,30,39,40,45,46,49,3
2020-10-13,21,26,33,34,39,41,46
2020-10-14,3,8,19,25,34,37,7
2020-10-15,2,15,31,32,38,42,28
2020-10-16,15,18,24,28,33,39,7
2020-10-17,10,18,27,34,41,42,29
2020-10-19,4,6,25,29,32,35,18
2020-10-20,5,8,10,17,28,46,4
2020-10-21,9,14,18,29,34,43,23
2020-10-22,1,4,5,16,23,43,15
2020-10-23,9,14,15,18,21,36,8
2020-10-24,7,14,18,24,38,49,25
2020-10-26,10,19,26,30,42,46,7
2020-10-27,3,6,21,31,33,39,9
2020-10-28,9,13,14,18,28,45,33
2020-10-29,8,11,24,29,30,39,15
2020-10-30,1,5,15,30,41,47,4
2020-10-31,10,11,13,23,39,41,5
2020-11-02,2,8,11,27,38,48,29
2020-11-03,11,13,17,28,33,41,16
2020-11-04,1,13,21,36,40,43,49
2020-11-05,9,15,17,31,38,39,5
2020-11-06,8,13,22,37,38,49,1
2020-11-07,17,20,22,30,41,43,16
2020-11-09,1,8,14,21,25,45,9
2020-11-10,12,23,25,27,34,44,28
2020-11-11,13,22,25,26,31,37,39
2020-11-12,5,17,20,23,29,32,2
2020-11-13,13,17,31,33,35,38,27
2020-11-14,3,11,12,13,45,47,24
2020-11-16,4,20,23,30,40,46,2
2020-11-17,12,15,27,34,46,47,33
2020-11-18,13,17,24,27,40,47,38
2020-11-19,8,14,21,27,36,42,48
2020-11-20,12,19,20,26,30,40,10
2020-11-21,10,14,15,18,34,41,44
2020-11-23,10,11,12,27,32,41,19
2020-11-24,2,16,26,31,39,47,23
2020-11-25,2,7,10,12,20,46,16
2020-11-26,13,18,20,40,44,46,15
2020-11-27,6,31,32,33,38,44,13
2020-11-28,6,10,14,22,42,44,21
2020-11-30,13,20,24,31,32,49,33
2020-12-01,3,15,37,41,46,49,34
2020-12-02,13,24,29,32,35,39,6
2020-12-03,5,8,15,30,33,35,1
2020-12-04,1,4,17,18,19,32,35
2020-12-05,9,21,32,35,40,49,46
2020-12-07,4,15,21,29,34,49,37
2020-12-08,4,7,13,15,42,48,45
2020-12-09,6,20,24,37,38,46,19
2020-12-10,2,15,16,19,33,46,47
2020-12-11,21,22,24,33,42,43,7
2020-12-12,2,4,5,16,32,48,29
2020-12-14,1,3,4,22,29,44,16
2020-12-15,32,36,37,38,43,45,14
2020-12-16,23,25,30,32,34,43,16
2020-12-17,7,12,14,28,30,42,39
2020-12-18,3,32,34,43,47,48,8
2020-12-19,3,27,31,32,43,47,9
2020-12-21,11,22,30,37,41,42,20
2020-12-22,5,7,12,26,29,41,42
2020-12-23,24,28,31,32,43,45,37
2020-12-24,16,18,23,33,38,42,37
2020-12-25,5,9,11,34,37,49,23
2020-12-26,4,7,14,22,36,37,1
2020-12-28,8,21,22,27,35,40,13
2020-12-29,4,15,18,27,33,34,41
2020-12-30,5,8,18,44,47,49,14
2020-12-31,9,12,18,25,28,45,2
2021-01-01,10,15,22,35,40,49,1
2021-01-02,2,20,32,36,38,40,33
2021-01-04,6,11,29,40,41,44,13
2021-01-05,2,24,33,38,47,49,26
2021-01-06,1,14,30,37,39,41,13
2021-01-07,1,7,12,30,38,49,21
2021-01-08,8,21,37,45,47,48,22
2021-01-09,7,11,18,30,31,35,49
2021-01-11,3,17,19,37,43,45,30
2021-01-12,23,25,30,37,45,47,9
2021-01-13,6,10,32,33,36,40,48
2021-01-14,7,14,27,43,45,47,21
2021-01-15,14,24,28,33,39,49,1
2021-01-16,6,9,35,36,39,46,47
2021-01-18,1,13,18,22,29,39,21
2021-01-19,16,23,24,33,36,47,27
2021-01-20,3,6,21,22,26,34,46
2021-01-21,11,13,19,25,31,49,23
2021-01-22,4,20,28,39,41,45,10
2021-01-23,1,11,30,37,48,49,6
2021-01-25,4,11,14,19,31,48,25
2021-01-26,3,7,26,32,35,41,20
2021-01-27,1,3,10,21,29,32,27
2021-01-28,4,10,13,41,43,47,15
2021-01-29,7,10,26,33,34,40,21
2021-01-30,7,10,19,26,32,39,18
2021-02-01,8,9,22,42,44,45,18
2021-02-02,1,9,18,21,37,48,38
2021-02-03,4,12,13,21,30,32,3
2021-02-04,3,6,13,21,24,43,39
2021-02-05,25,26,29,39,44,45,18
2021-02-06,5,16,19,23,25,28,37
2021-02-08,9,15,37,39,43,47,42
2021-02-09,10,15,25,26,29,41,6
2021-02-10,20,21,23,30,36,38,2
2021-02-11,8,12,22,31,33,38,24
2021-02-12,4,8,25,41,45,47,34
2021-02-13,4,6,11,14,17,35,1
2021-02-15,4,5,12,22,29,35,24
2021-02-16,4,15,22,33,38,41,35
2021-02-17,10,28,34,43,48,49,42
2021-02-18,1,8,32,36,39,41,11
2021-02-19,6,15,17,20,32,42,28
2021-02-20,4,23,24,27,34,36,25
2021-02-22,13,26,36,37,43,45,24
2021-02-23,6,19,32,38,44,47,4
2021-02-24,2,13,25,29,33,39,32
2021-02-25,3,12,26,37,43,45,32
2021-02-26,7,26,27,32,33,40,44
2021-02-27,8,9,12,39,42,45,34
2021-03-01,4,12,15,42,45,48,41
2021-03-02,3,15,16,27,28,39,33
2021-03-03,5,6,7,12,13,23,42
2021-03-04,12,22,24,27,41,46,9
2021-03-05,13,15,22,28,41,46,30
2021-03-06,3,25,26,34,40,44,13
2021-03-08,10,11,24,39,40,48,17
2021-03-09,5,6,19,23,26,40,43
2021-03-10,27,33,34,35,41,44,32
2021-03-11,3,4,8,24,34,49,10
2021-03-12,1,12,15,32,37,45,18
2021-03-13,1,2,8,9,27,41,45
2021-03-15,4,6,8,9,33,46,22
2021-03-16,13,14,23,32,42,45,7
2021-03-17,2,15,22,25,34,42,41
2021-03-18,4,10,12,42,44,45,8
2021-03-19,14,18,22,23,43,48,24
2021-03-20,4,13,14,28,33,47,40
2021-03-22,1,4,11,16,40,49,14
2021-03-23,4,6,38,44,45,48,21
2021-03-24,5,6,20,30,40,44,36
2021-03-25,6,7,8,13,32,37,49
2021-03-26,1,23,39,40,42,47,34
2021-03-27,2,10,16,20,36,45,34
2021-03-29,4,13,14,27,31,33,2
2021-03-30,3,11,23,29,44,49,46
2021-03-31,8,16,17,28,33,42,45
2021-04-01,12,14,25,28,34,46,5
2021-04-02,8,13,18,24,26,28,17
2021-04-03,2,16,17,27,36,45,39
2021-04-05,4,7,12,27,30,32,28
2021-04-06,9,19,34,37,39,42,32
2021-04-07,2,11,13,14,21,36,1
2021-04-08,5,37,38,39,46,48,15
2021-04-09,3,10,16,22,24,37,14
2021-04-10,8,9,19,24,34,40,49
2021-04-12,3,7,14,20,37,46,27
2021-04-13,7,11,18,19,38,45,23
2021-04-14,19,24,37,38,40,47,25
2021-04-15,1,15,21,35,36,41,27
2021-04-16,14,19,38,39,41,49,6
2021-04-17,16,27,32,33,46,48,10
2021-04-19,1,3,5,8,21,49,33
2021-04-20,5,9,12,23,37,47,6
2021-04-21,9,38,40,43,44,45,4
2021-04-22,5,18,19,20,26,44,9
2021-04-23,12,26,32,35,42,48,44
2021-04-24,8,23,25,31,43,44,24
2021-04-26,9,10,17,24,27,43,39
2021-04-27,5,10,11,13,34,46,8
2021-04-28,5,10,21,26,28,46,34
2021-04-29,1,19,23,28,37,43,24
2021-04-30,3,9,27,30,33,41,45
2021-05-01,9,16,18,19,22,41,29
2021-05-03,9,15,18,26,42,44,29
2021-05-04,8,16,19,23,40,45,43
2021-05-05,6,24,25,27,45,48,13
2021-05-06,3,8,19,20,25,42,23
2021-05-07,8,9,32,42,43,45,16
2021-05-08,5,6,15,16,34,36,7
2021-05-10,1,12,13,23,36,38,22
2021-05-11,9,17,18,19,20,26,42
2021-05-12,5,15,21,29,45,47,43
2021-05-13,7,10,18,26,27,28,40
2021-05-14,4,9,21,22,27,34,2
2021-05-15,6,18,35,42,47,48,3
2021-05-17,3,4,6,11,12,32,28
2021-05-18,5,17,20,26,28,32,23
2021-05-19,12,13,16,26,37,38,7
2021-05-20,2,8,17,22,36,49,18
2021-05-21,11,15,18,23,34,44,45
2021-05-22,13,28,35,40,42,43,12
2021-05-24,7,25,27,38,39,46,29
2021-05-25,2,11,18,25,43,49,38
2021-05-26,6,8,36,39,42,47,18
2021-05-27,8,23,27,33,40,43,11
2021-05-28,1,4,6,14,17,28,41
2021-05-29,11,14,16,17,28,49,33
2021-05-31,2,16,33,39,42,43,9
2021-06-01,1,11,12,20,23,44,32
2021-06-02,3,22,23,32,35,46,8
2021-06-03,6,25,34,40,47,48,3
2021-06-04,12,13,21,22,32,49,10
2021-06-05,8,18,25,40,41,44,47
2021-06-07,8,16,17,21,40,41,14
2021-06-08,1,3,4,20,33,35,24
2021-06-09,18,27,33,43,44,46,22
2021-06-10,4,6,8,11,27,44,18
2021-06-11,16,17,20,28,42,45,7
2021-06-12,2,5,8,19,21,33,7
2021-06-14,25,28,31,34,35,37,5
2021-06-15,20,23,31,35,39,49,4
2021-06-16,9,16,21,33,43,44,5
2021-06-17,6,12,33,45,47,48,7
2021-06-18,1,4,36,39,43,49,15
2021-06-19,25,27,28,32,33,40,15
2021-06-21,3,16,26,29,30,45,18
2021-06-22,8,13,14,17,23,45,24
2021-06-23,10,20,24,34,39,42,48
2021-06-24,4,10,17,21,37,40,45
2021-06-25,6,21,32,33,42,44,2
2021-06-26,13,23,30,33,44,46,37
2021-06-28,4,12,24,32,35,42,30
2021-06-29,5,7,15,29,31,44,36
2021-06-30,10,15,24,30,44,46,40
2021-07-01,5,13,33,34,38,44,32
2021-07-02,4,6,9,28,39,49,25
2021-07-03,6,12,15,18,22,27,38
2021-07-05,4,12,17,33,45,46,32
2021-07-06,17,20,22,27,31,46,38
2021-07-07,16,17,26,37,46,49,35
2021-07-08,5,15,16,22,29,47,24
2021-07-09,3,8,15,38,47,49,12
2021-07-10,2,17,20,24,28,48,19
2021-07-12,17,20,32,39,41,45,3
2021-07-13,7,12,21,23,27,30,8
2021-07-14,6,13,24,40,42,48,8
2021-07-15,6,10,15,35,38,49,34
2021-07-16,7,15,26,34,38,48,4
2021-07-17,1,27,28,40,42,45,26
2021-07-19,5,11,13,21,26,33,43
2021-07-20,8,15,38,40,42,43,39
2021-07-21,9,21,27,33,39,42,31
2021-07-22,8,23,24,27,48,49,2
2021-07-23,9,25,26,28,32,44,6
2021-07-24,3,11,17,21,47,48,19
2021-07-26,2,5,10,17,19,39,14
2021-07-27,9,14,19,23,25,44,13
2021-07-28,4,13,20,23,39,45,36
2021-07-29,13,16,21,29,41,47,17
2021-07-30,1,21,22,26,36,48,6
2021-07-31,20,28,33,39,42,49,31
2021-08-02,3,4,15,18,27,49,41
2021-08-03,8,9,18,36,43,44,5
2021-08-04,25,26,30,36,42,49,48
2021-08-05,1,8,9,13,16,45,14
2021-08-06,2,16,23,26,35,38,4
2021-08-07,1,5,8,18,21,46,3
2021-08-09,16,24,31,45,47,49,36
2021-08-10,8,9,18,20,24,29,37
2021-08-11,2,7,8,24,44,45,30
2021-08-12,16,17,18,26,36,37,1
2021-08-13,1,8,9,19,25,35,47
2021-08-14,8,9,21,25,28,29,45
2021-08-16,13,19,21,29,42,46,45
2021-08-17,6,31,34,35,37,41,48
2021-08-18,23,28,40,41,43,46,14
2021-08-19,6,8,12,25,29,39,23
2021-08-20,1,24,30,39,44,45,31
2021-08-21,2,14,15,19,21,31,30
2021-08-23,5,9,11,21,37,47,40
2021-08-24,3,8,11,20,30,36,9
2021-08-25,23,27,29,36,40,49,3
2021-08-26,1,6,19,20,23,33,48
2021-08-27,14,16,18,27,42,48,1
2021-08-28,6,8,12,38,39,40,11
2021-08-30,5,16,27,29,30,48,49
2021-08-31,6,18,20,24,41,43,23
2021-09-01,9,15,18,21,36,43,40
2021-09-02,21,23,25,28,38,41,24
2021-09-03,27,32,33,36,45,48,4
2021-09-04,12,22,27,37,40,49,41
2021-09-06,6,16,22,41,45,46,3
2021-09-07,1,11,21,26,32,37,22
2021-09-08,12,17,24,40,44,46,36
2021-09-09,1,5,6,27,28,30,18
2021-09-10,8,19,21,22,33,34,9
2021-09-11,4,6,19,21,25,32,44
2021-09-13,5,12,13,32,38,41,6
2021-09-14,1,6,12,37,45,47,9
2021-09-15,13,17,23,32,40,43,21
2021-09-16,8,23,26,32,34,44,48
2021-09-17,1,14,15,21,23,48,19
2021-09-18,10,19,23,25,29,30,22
2021-09-20,18,30,34,44,46,48,31
2021-09-21,2,7,13,21,30,48,25
2021-09-22,6,16,20,25,28,43,17
2021-09-23,1,6,7,14,28,31,15
2021-09-24,4,7,8,20,25,37,15
2021-09-25,11,23,24,32,39,46,1
2021-09-27,3,9,13,16,39,42,18
2021-09-28,10,11,21,27,34,39,30
2021-09-29,15,31,35,42,43,48,17
2021-09-30,14,15,29,36,42,46,4
2021-10-01,3,16,21,28,39,49,35
2021-10-02,4,18,21,24,26,49,28
2021-10-04,2,13,16,29,33,45,34
2021-10-05,1,16,27,33,44,46,14
2021-10-06,7,13,14,31,32,49,29
2021-10-07,11,16,28,29,32,45,30
2021-10-08,1,13,20,23,31,43,44
2021-10-09,5,7,11,26,40,46,20
2021-10-11,7,9,10,17,20,26,25
2021-10-12,8,16,24,28,41,48,34
2021-10-13,7,17,23,27,42,46,5
2021-10-14,8,13,20,35,38,46,5
2021-10-15,3,15,16,37,43,47,5
2021-10-16,3,22,25,30,34,43,44
2021-10-18,6,12,14,27,31,37,20
2021-10-19,23,25,30,33,36,38,5
2021-10-20,6,19,20,21,32,38,35
2021-10-21,19,22,27,30,33,45,44
2021-10-22,3,12,14,19,47,49,22
2021-10-23,2,4,10,21,24,31,37
2021-10-25,3,6,9,32,41,49,44
2021-10-26,1,31,34,35,37,48,10
2021-10-27,2,7,15,31,32,39,13
2021-10-28,1,2,3,11,23,30,6
2021-10-29,3,7,14,26,29,34,32
2021-10-30,19,27,32,42,43,48,40
2021-11-01,18,28,31,34,36,39,48
2021-11-02,4,13,14,25,36,44,20
2021-11-03,3,7,10,11,19,44,16
2021-11-04,3,6,26,28,30,40,34
2021-11-05,7,16,26,35,39,44,5
2021-11-06,11,12,16,29,32,35,43
2021-11-08,4,20,36,39,44,46,32
2021-11-09,9,21,25,37,38,47,19
2021-11-10,5,23,26,27,40,46,41
2021-11-11,20,21,22,31,32,44,4
2021-11-12,24,38,39,41,44,45,16
2021-11-13,2,3,5,7,17,40,30
2021-11-15,16,27,31,37,42,45,21
2021-11-16,4,27,30,36,45,49,2
2021-11-17,10,15,27,32,40,48,8
2021-11-18,1,5,10,11,27,42,34
2021-11-19,8,27,32,37,45,48,42
2021-11-20,1,14,19,20,22,37,28
2021-11-22,7,9,19,25,29,34,35
2021-11-23,10,23,32,41,45,48,12
2021-11-24,5,34,35,38,45,48,30
2021-11-25,4,28,39,43,48,49,7
2021-11-26,15,18,33,34,45,49,10
2021-11-27,9,11,12,27,31,41,5
2021-11-29,10,25,34,35,43,46,37
2021-11-30,1,3,17,19,23,35,48
2021-12-01,3,6,17,18,30,39,13
2021-12-02,1,16,23,25,41,47,43
2021-12-03,6,21,24,28,44,45,27
2021-12-04,4,22,26,32,37,41,38
2021-12-06,6,35,39,40,44,47,29
2021-12-07,8,18,26,39,44,46,12
2021-12-08,14,16,38,40,41,43,2
2021-12-09,2,14,28,30,38,48,42
2021-12-10,6,12,31,32,35,43,24
2021-12-11,4,10,12,13,15,26,43
2021-12-13,3,5,29,30,45,46,38
2021-12-14,3,12,14,17,25,32,6
2021-12-15,8,11,38,39,41,42,7
2021-12-16,8,10,19,27,31,40,36
2021-12-17,8,16,30,32,44,49,15
2021-12-18,4,11,16,27,32,48,24
2021-12-20,2,9,34,36,41,49,3
2021-12-21,3,26,29,33,36,44,12
2021-12-22,10,19,20,37,45,46,15
2021-12-23,2,21,29,32,33,41,19
2021-12-24,3,26,31,40,42,47,41
2021-12-25,4,7,24,30,32,45,25
2021-12-27,5,8,14,20,37,40,10
2021-12-28,8,16,24,29,36,39,14
2021-12-29,3,13,15,25,37,43,34
2021-12-30,3,10,18,37,47,48,33
2021-12-31,12,18,25,28,36,44,30
2022-01-01,16,22,29,33,47,48,44
2022-01-03,2,3,9,32,38,49,39
2022-01-04,3,7,8,12,20,48,31
2022-01-05,6,8,19,32,43,47,4
2022-01-06,1,6,9,12,18,25,27
2022-01-07,16,19,27,28,36,48,33
2022-01-08,3,13,14,20,32,34,40
2022-01-10,2,4,17,37,45,47,44
2022-01-11,6,13,21,35,42,47,22
2022-01-12,17,19,26,31,35,48,43
2022-01-13,14,19,21,26,42,45,28
2022-01-14,4,25,38,39,47,49,16
2022-01-15,8,14,20,37,38,47,1
2022-01-17,3,4,14,18,35,47,17
2022-01-18,5,18,24,27,28,37,8
2022-01-19,7,10,16,35,39,42,47
2022-01-20,11,12,15,23,24,34,42
2022-01-21,1,8,10,11,25,44,3
2022-01-22,1,27,30,31,40,45,29
2022-01-24,5,20,25,27,43,46,4
2022-01-25,9,15,22,39,40,47,42
2022-01-26,1,8,25,29,30,46,36
2022-01-27,9,25,28,35,41,49,43
2022-01-28,1,2,13,24,35,46,23
2022-01-29,6,8,13,21,22,46,11
2022-01-31,2,28,33,37,45,48,44
2022-02-01,11,16,20,30,45,49,32
2022-02-02,3,6,7,31,32,40,27
2022-02-03,8,9,10,32,40,42,47
2022-02-04,6,8,22,35,39,47,30
2022-02-05,7,16,25,26,27,36,34
2022-02-07,6,21,24,27,44,45,28
2022-02-08,1,2,3,8,10,30,39
2022-02-09,15,22,24,33,38,40,23
2022-02-10,10,22,29,30,37,38,20
2022-02-11,8,23,27,34,44,45,15
2022-02-12,8,25,29,31,42,45,17
2022-02-14,9,18,23,36,38,44,20
2022-02-15,4,6,12,23,36,49,2
2022-02-16,5,25,36,38,39,48,19
2022-02-17,5,18,23,25,33,40,43
2022-02-18,3,25,30,32,39,45,37
2022-02-19,2,11,16,20,31,37,42
2022-02-21,7,13,17,32,35,37,19
2022-02-22,6,7,17,18,21,36,3
2022-02-23,4,8,9,17,22,49,32
2022-02-24,1,11,22,35,43,47,33
2022-02-25,1,13,24,28,40,45,7
2022-02-26,17,19,22,40,42,48,28
2022-02-28,2,8,17,18,19,36,40
2022-03-01,6,10,24,34,42,47,41
2022-03-02,5,10,14,25,33,46,6
2022-03-03,3,7,26,32,46,49,8
2022-03-04,8,17,18,27,37,45,49
2022-03-05,17,25,29,33,48,49,31
2022-03-07,4,18,31,38,45,49,16
2022-03-08,7,8,20,34,39,40,33
2022-03-09,6,10,17,30,36,41,15
2022-03-10,10,16,30,39,40,46,44
2022-03-11,9,23,26,28,41,44,8
2022-03-12,6,8,10,16,18,38,48
2022-03-14,11,13,26,32,37,44,47
2022-03-15,21,25,35,47,48,49,3
2022-03-16,2,8,10,16,30,44,35
2022-03-17,9,25,34,39,45,46,28
2022-03-18,9,10,15,22,46,49,42
2022-03-19,3,16,23,31,39,43,7
2022-03-21,17,19,34,36,41,44,31
2022-03-22,6,17,28,31,35,45,33
2022-03-23,7,22,23,30,31,46,32
2022-03-24,2,7,22,34,35,37,24
2022-03-25,17,21,24,29,30,46,3
2022-03-26,1,3,20,23,36,41,34
2022-03-28,1,8,9,16,24,42,14
2022-03-29,18,26,32,36,37,45,3
2022-03-30,5,21,30,33,41,43,17
2022-03-31,1,4,10,30,38,40,19
2022-04-01,6,15,19,28,30,49,36
2022-04-02,1,22,28,32,47,48,19
2022-04-04,3,4,25,39,40,42,11
2022-04-05,7,8,18,27,40,45,46
2022-04-06,9,16,21,32,35,36,42
2022-04-07,1,6,11,25,29,46,38
2022-04-08,1,8,26,27,41,47,28
2022-04-09,7,9,16,21,31,40,28
2022-04-11,12,13,16,29,40,45,2
2022-04-12,12,20,22,27,32,33,46
2022-04-13,8,15,22,27,37,42,46
2022-04-14,7,12,16,39,45,48,37
2022-04-15,3,9,13,31,33,36,43
2022-04-16,3,23,24,25,33,45,48
2022-04-18,15,21,22,32,36,43,28
2022-04-19,6,14,24,25,29,40,34
2022-04-20,12,18,27,30,34,35,16
2022-04-21,8,9,13,18,23,25,45
2022-04-22,17,26,38,39,41,47,42
2022-04-23,15,16,21,35,42,48,1
2022-04-25,4,17,26,28,34,41,37
2022-04-26,8,12,15,25,26,40,41
2022-04-27,2,4,5,14,25,40,3
2022-04-28,5,30,35,37,43,45,16
2022-04-29,7,9,10,25,29,49,34
2022-04-30,6,18,26,31,34,48,16
2022-05-02,2,4,22,23,31,33,43
2022-05-03,30,35,37,40,42,44,29
2022-05-04,12,18,20,32,41,43,6
2022-05-05,6,12,20,25,27,45,48
2022-05-06,5,16,17,28,38,43,18
2022-05-07,4,8,20,23,38,44,11
2022-05-09,1,16,17,26,39,46,7
2022-05-10,4,5,12,32,39,40,7
2022-05-11,2,11,27,32,35,40,24
2022-05-12,10,18,19,23,36,37,2
2022-05-13,9,12,25,32,36,49,3
2022-05-14,4,23,27,31,38,45,22
2022-05-16,9,16,29,44,46,47,48
2022-05-17,1,4,22,24,30,34,38
2022-05-18,1,5,13,20,38,41,16
2022-05-19,12,17,27,28,44,47,5
2022-05-20,3,7,10,21,26,31,48
2022-05-21,6,10,11,21,34,48,44
2022-05-23,2,3,13,30,37,47,41
2022-05-24,3,7,20,26,33,40,5
2022-05-25,5,6,9,12,33,39,4
2022-05-26,1,10,16,24,26,30,12
2022-05-27,8,13,19,45,46,48,14
2022-05-28,6,18,20,34,37,40,22
2022-05-30,2,3,7,14,17,25,31
2022-05-31,4,8,13,38,40,47,36
2022-06-01,2,3,5,16,27,39,8
2022-06-02,6,8,13,35,40,45,20
2022-06-03,3,8,16,22,29,41,24
2022-06-04,23,38,40,43,47,49,36
2022-06-06,5,12,29,31,33,38,11
2022-06-07,1,13,14,28,39,44,12
2022-06-08,24,33,43,45,48,49,29
2022-06-09,3,7,8,10,24,44,2
2022-06-10,6,15,18,38,41,42,27
2022-06-11,26,28,31,32,41,43,20
2022-06-13,9,20,31,39,42,49,17
2022-06-14,16,18,20,22,30,33,9
2022-06-15,2,6,13,24,32,39,31
2022-06-16,6,11,28,32,33,43,36
2022-06-17,11,27,29,31,34,35,44
2022-06-18,9,32,37,43,44,46,28
2022-06-20,10,21,28,29,36,45,12
2022-06-21,2,22,28,40,42,49,47
2022-06-22,1,14,16,27,34,49,2
2022-06-23,1,11,17,24,28,35,41
2022-06-24,1,18,20,22,33,41,49
2022-06-25,3,19,20,22,25,36,46
2022-06-27,4,23,29,30,44,45,22
2022-06-28,13,14,17,24,32,41,1
2022-06-29,11,17,21,30,34,36,41
2022-06-30,18,22,24,31,36,37,1
2022-07-01,8,11,13,15,21,31,46
2022-07-02,2,18,22,31,40,41,28
2022-07-04,1,10,25,37,45,49,39
2022-07-05,18,21,29,36,42,46,44
2022-07-06,15,20,23,33,34,49,13
2022-07-07,9,13,15,17,35,40,47
2022-07-08,1,12,23,24,38,42,14
2022-07-09,4,31,41,43,44,48,32
2022-07-11,2,5,20,24,31,49,37
2022-07-12,1,4,5,23,34,36,24
2022-07-13,21,26,30,41,47,49,22
2022-07-14,2,20,25,28,30,49,12
2022-07-15,2,10,22,33,38,46,13
2022-07-16,14,15,27,35,39,40,24
2022-07-18,10,20,28,30,46,48,5
2022-07-19,9,27,34,42,46,49,4
2022-07-20,1,15,17,25,37,48,18
2022-07-21,8,15,18,21,25,49,17
2022-07-22,2,10,11,23,44,47,21
2022-07-23,2,6,8,20,41,46,29
2022-07-25,18,28,30,35,42,44,29
2022-07-26,7,20,25,28,33,42,35
2022-07-27,3,6,13,14,26,30,16
2022-07-28,8,14,37,40,42,45,31
2022-07-29,12,17,22,26,31,37,43
2022-07-30,8,17,26,33,37,42,25
2022-08-01,3,4,5,23,25,35,45
2022-08-02,6,16,30,32,37,39,35
2022-08-03,2,3,4,17,18,28,45
2022-08-04,3,4,5,18,20,39,27
2022-08-05,4,15,37,40,48,49,47
2022-08-06,17,25,32,34,37,39,14
2022-08-08,11,12,15,25,27,48,2
2022-08-09,9,16,19,29,35,36,5
2022-08-10,4,20,35,39,46,49,16
2022-08-11,3,12,21,23,34,45,40
2022-08-12,6,7,8,10,22,48,3
2022-08-13,10,11,12,14,15,28,17
2022-08-15,1,3,24,35,45,48,10
2022-08-16,4,6,13,16,35,39,1
2022-08-17,1,3,4,19,20,22,16
2022-08-18,3,4,8,13,27,33,22
2022-08-19,6,8,15,18,31,45,37
2022-08-20,25,31,35,45,46,49,14
2022-08-22,1,12,13,30,32,36,15
2022-08-23,2,8,17,22,36,47,44
2022-08-24,3,9,15,28,43,46,38
2022-08-25,6,19,35,41,43,47,17
2022-08-26,9,20,33,42,46,48,5
2022-08-27,10,27,40,41,44,45,43
2022-08-29,8,18,26,44,48,49,40
2022-08-30,11,24,29,38,44,45,26
2022-08-31,1,5,8,25,28,40,22
2022-09-01,4,19,27,36,40,48,8
2022-09-02,15,18,22,23,31,44,25
2022-09-03,2,15,19,33,41,42,7
2022-09-05,28,30,33,39,47,48,20
2022-09-06,6,14,25,28,35,42,45
2022-09-07,1,16,17,20,40,45,4
2022-09-08,13,14,27,30,33,49,5
2022-09-09,20,26,27,38,45,49,16
2022-09-10,4,11,21,28,39,46,35
2022-09-12,18,19,29,34,36,41,16
2022-09-13,9,26,38,44,45,46,29
2022-09-14,9,10,11,13,16,45,23
2022-09-15,7,16,18,28,37,38,29
2022-09-16,1,3,11,20,21,31,34
2022-09-17,8,19,22,34,40,44,31
2022-09-19,1,5,14,16,22,32,30
2022-09-20,4,24,26,28,37,46,41
2022-09-21,3,8,9,20,22,49,41
2022-09-22,18,26,31,37,40,44,29
2022-09-23,7,15,18,22,33,37,30
2022-09-24,9,11,19,27,32,39,35
2022-09-25,12,14,29,35,37,39,10
2022-09-26,2,20,23,29,41,47,1
2022-09-27,14,17,25,31,39,46,7
2022-09-28,4,7,16,20,27,47,38
2022-09-29,10,18,20,27,32,43,35
2022-09-30,2,16,32,44,45,49,36
2022-10-01,15,18,39,42,45,49,48
2022-10-02,1,17,18,19,29,35,22
2022-10-03,7,9,21,31,41,49,48
2022-10-04,18,21,25,40,42,46,33
2022-10-05,12,18,28,33,34,46,22
2022-10-06,11,21,37,42,43,46,16
2022-10-07,14,16,18,29,39,46,1
2022-10-08,16,21,23,27,40,47,48
2022-10-09,1,4,12,14,23,33,43
2022-10-10,3,35,37,43,45,47,36
2022-10-11,14,15,23,28,35,43,38
2022-10-12,6,16,22,28,45,47,3
2022-10-13,11,15,16,18,22,24,39
2022-10-14,12,15,26,34,42,46,4
2022-10-15,17,19,26,35,43,44,48
2022-10-16,1,9,16,29,30,33,49
2022-10-17,3,4,7,18,33,37,9
2022-10-18,12,20,23,29,33,37,34
2022-10-19,5,9,13,17,37,39,24
2022-10-20,10,24,30,34,47,48,14
2022-10-21,8,14,19,28,38,48,49
2022-10-22,1,8,15,21,39,42,45
2022-10-23,20,24,28,29,31,44,25
2022-10-24,14,29,33,35,38,46,40
2022-10-25,5,12,13,19,32,48,40
2022-10-26,3,7,18,22,34,46,42
2022-10-27,3,12,14,20,24,42,7
2022-10-28,6,17,19,34,38,45,16
2022-10-29,4,9,12,21,23,24,47
2022-10-30,5,13,35,38,41,47,4
2022-10-31,4,27,29,35,45,48,31
2022-11-01,5,14,23,32,39,46,28
2022-11-02,8,9,24,27,46,47,30
2022-11-03,3,6,18,22,39,46,42
2022-11-04,7,16,18,27,35,48,39
2022-11-05,13,19,21,30,32,38,6
2022-11-06,2,10,21,23,28,36,35
2022-11-07,2,11,27,36,41,47,25
2022-11-08,1,18,20,21,46,48,33
2022-11-09,8,13,14,20,23,30,26
2022-11-10,5,16,20,34,40,46,41
2022-11-11,1,2,5,9,36,40,27
2022-11-12,6,12,18,24,46,48,2
2022-11-13,17,20,31,34,47,49,24
2022-11-14,6,16,31,37,40,47,5
2022-11-15,1,8,25,29,31,40,46
2022-11-16,3,22,34,39,45,46,20
2022-11-17,18,23,26,31,35,39,47
2022-11-18,10,13,17,35,43,49,24
2022-11-19,5,31,32,37,42,43,26
2022-11-20,4,17,29,31,33,44,5
2022-11-21,6,13,21,22,31,40,34
2022-11-22,15,16,22,27,34,49,26
2022-11-23,1,12,20,26,36,45,15
2022-11-24,9,16,21,24,29,37,7
2022-11-25,21,29,36,37,40,42,12
2022-11-26,9,11,14,27,34,44,13
2022-11-27,5,6,7,18,39,48,19
2022-11-28,9,16,24,40,46,47,14
2022-11-29,10,11,27,35,36,40,38
2022-11-30,4,6,7,19,21,22,44
2022-12-01,3,9,21,24,31,33,34
2022-12-02,1,12,17,24,32,46,30
2022-12-03,17,18,26,33,34,48,10
2022-12-04,5,7,11,14,22,28,17
2022-12-05,7,12,36,44,45,49,32
2022-12-06,11,18,23,24,31,36,41
2022-12-07,8,20,27,30,37,38,7
2022-12-08,2,6,12,17,24,40,15
2022-12-09,7,19,32,42,46,49,21
2022-12-10,9,15,23,26,35,40,30
2022-12-11,2,25,28,38,48,49,20
2022-12-12,6,7,20,21,22,34,31
2022-12-13,3,12,24,26,38,47,41
2022-12-14,7,11,12,15,24,27,4
2022-12-15,3,24,29,31,40,47,10
2022-12-16,5,13,14,17,20,49,33
2022-12-17,10,17,19,39,41,47,18
2022-12-18,3,9,21,26,29,49,20
2022-12-19,4,6,16,21,39,49,11
2022-12-20,2,28,30,31,32,41,13
2022-12-21,17,21,30,33,36,49,42
2022-12-22,24,31,35,38,47,49,23
2022-12-23,2,26,31,36,37,42,11
2022-12-24,4,11,17,21,24,26,27
2022-12-25,2,6,28,30,32,47,21
2022-12-26,22,23,34,37,40,47,9
2022-12-27,6,10,27,32,33,38,24
2022-12-28,3,4,6,25,26,41,2
2022-12-29,11,13,18,43,45,46,3
2022-12-30,12,15,16,32,34,37,3
2022-12-31,2,16,30,35,36,44,47
2023-01-01,18,31,32,34,37,38,48
2023-01-02,3,22,23,32,48,49,41
2023-01-03,10,27,31,35,40,44,14
2023-01-04,9,18,21,22,31,39,42
2023-01-05,11,14,18,21,22,40,39
2023-01-06,2,7,22,40,45,46,36
2023-01-07,11,13,30,38,39,48,25
2023-01-08,13,22,39,44,46,49,5
2023-01-09,1,18,23,31,37,39,44
2023-01-10,15,17,21,31,35,42,40
2023-01-11,6,15,20,32,39,48,23
2023-01-12,14,24,26,27,40,45,20
2023-01-13,6,9,10,28,34,45,37
2023-01-14,4,8,21,22,36,47,45
2023-01-15,5,16,26,33,46,49,38
2023-01-16,1,9,10,22,36,46,35
2023-01-17,3,22,23,26,41,45,5
2023-01-18,6,7,9,29,30,36,17
2023-01-19,5,18,30,38,41,48,42
2023-01-20,5,9,20,28,30,37,39
2023-01-21,5,24,25,32,33,38,17
2023-01-22,10,14,26,29,40,45,39
2023-01-23,1,5,6,12,17,43,44
2023-01-24,19,24,26,32,37,47,2
2023-01-25,11,17,22,31,35,43,45
2023-01-26,6,14,19,25,37,49,41
2023-01-27,5,6,11,17,33,44,38
2023-01-28,5,16,28,33,36,44,14
2023-01-29,2,5,13,25,27,49,19
2023-01-30,3,4,15,32,35,39,6
2023-01-31,1,15,18,22,30,47,40
2023-02-01,6,8,14,27,33,44,47
2023-02-02,3,12,31,35,39,47,32
2023-02-03,6,8,12,21,36,49,25
2023-02-04,14,18,21,26,38,42,34
2023-02-05,1,5,20,33,40,41,16
2023-02-06,5,15,21,23,39,46,12
2023-02-07,11,30,33,37,43,46,24
2023-02-08,2,5,8,12,23,29,17
2023-02-09,2,7,25,32,34,38,43
2023-02-10,5,14,17,27,29,49,39
2023-02-11,6,7,13,37,39,41,8
2023-02-12,1,3,27,36,37,45,4
2023-02-13,9,12,14,23,29,30,21
2023-02-14,5,15,19,20,30,43,42
2023-02-15,6,7,22,24,32,38,34
2023-02-16,10,20,27,28,31,40,34
2023-02-17,1,2,9,11,21,26,46
2023-02-18,9,22,25,26,44,48,28
2023-02-19,2,9,25,31,33,47,11
2023-02-20,20,21,35,42,44,47,19
2023-02-21,8,10,34,35,38,40,44
2023-02-22,1,26,40,41,47,48,6
2023-02-23,3,15,18,27,35,46,4
2023-02-24,9,18,33,39,40,44,36
2023-02-25,17,23,27,30,38,45,12
2023-02-26,11,23,34,41,42,45,36
2023-02-27,2,4,6,30,46,48,15
2023-02-28,1,7,14,24,29,40,31
2023-03-01,4,12,16,24,25,48,20
2023-03-02,2,5,15,21,24,35,37
2023-03-03,2,18,24,32,33,41,15
2023-03-04,1,2,11,17,39,41,3
2023-03-05,5,9,30,44,46,49,22
2023-03-06,1,2,18,21,29,45,14
2023-03-07,12,22,28,32,33,47,36
2023-03-08,1,13,23,25,33,41,7
2023-03-09,8,21,23,40,43,47,26
2023-03-10,13,21,31,32,35,37,48
2023-03-11,8,21,23,28,40,47,26
2023-03-12,5,19,20,23,32,41,22
2023-03-13,1,10,30,34,40,41,23
2023-03-14,12,17,20,23,33,46,13
2023-03-15,9,17,23,28,46,49,41
2023-03-16,20,28,29,38,47,49,48
2023-03-17,11,14,32,39,42,48,35
2023-03-18,5,13,23,27,34,37,20
2023-03-19,4,13,21,22,30,40,18
2023-03-20,18,23,24,39,41,43,42
2023-03-21,9,10,12,16,27,28,33
2023-03-22,9,15,20,21,31,39,37
2023-03-23,14,23,43,45,46,48,40
2023-03-24,5,6,21,22,29,35,1
2023-03-25,3,16,33,34,42,46,17
2023-03-26,5,9,10,20,28,32,15
2023-03-27,2,10,12,25,30,47,4
2023-03-28,21,23,25,28,41,43,33
2023-03-29,6,7,19,33,40,46,8
2023-03-30,9,12,14,17,31,47,48
2023-03-31,1,14,16,21,34,40,15
2023-04-01,1,3,7,14,31,40,45
2023-04-02,6,10,14,17,33,42,46
2023-04-03,10,18,30,39,46,49,34
2023-04-04,16,19,28,38,42,49,26
2023-04-05,11,21,22,39,46,47,30
2023-04-06,5,6,9,15,21,42,4
2023-04-07,2,8,14,18,35,36,20
2023-04-08,18,28,30,33,40,45,7
2023-04-09,1,16,24,34,38,40,22
2023-04-10,7,19,24,29,31,33,10
2023-04-11,5,23,34,39,47,49,16
2023-04-12,12,18,22,26,28,48,9
2023-04-13,8,11,13,31,39,42,25
2023-04-14,3,15,16,17,18,32,44
2023-04-15,3,8,12,13,25,40,47
2023-04-16,20,26,28,29,34,38,44
2023-04-17,12,20,32,40,41,48,10
2023-04-18,12,17,23,26,38,40,41
2023-04-19,1,10,16,23,32,41,24
2023-04-20,4,10,27,40,44,49,30
2023-04-21,2,7,13,26,30,35,9
2023-04-22,2,12,23,31,34,47,28
2023-04-23,6,13,18,30,46,47,11
2023-04-24,3,4,10,18,21,23,43
2023-04-25,2,3,16,20,25,35,9
2023-04-26,2,15,17,26,44,45,43
2023-04-27,25,26,27,38,42,46,36
2023-04-28,2,5,15,29,42,46,34
2023-04-29,10,23,39,46,47,48,31
2023-04-30,1,5,8,18,26,30,34
2023-05-01,1,7,26,40,42,43,13
2023-05-02,1,21,31,33,39,47,5
2023-05-03,5,8,17,36,43,45,32
2023-05-04,10,21,24,25,27,48,3
2023-05-05,16,26,28,43,46,49,27
2023-05-06,14,21,23,37,45,47,10
2023-05-07,5,8,24,28,29,49,32
2023-05-08,2,3,6,7,8,25,41
2023-05-09,16,30,34,39,46,47,10
2023-05-10,9,14,20,39,43,44,1
2023-05-11,13,32,33,41,47,48,3
2023-05-12,3,12,15,21,31,33,2
2023-05-13,9,24,34,39,46,49,19
2023-05-14,17,21,24,31,33,49,36
2023-05-15,17,20,24,42,44,45,41
2023-05-16,13,19,25,26,44,45,47
2023-05-17,12,26,37,40,44,47,10
2023-05-18,3,16,30,31,39,43,48
2023-05-19,2,24,37,40,43,46,28
2023-05-20,20,26,34,40,41,42,23
2023-05-21,11,13,36,39,42,44,19
2023-05-22,3,7,26,32,41,43,24
2023-05-23,5,7,14,30,36,47,16
2023-05-24,2,15,19,31,42,43,32
2023-05-25,12,21,27,36,43,49,1
2023-05-26,14,27,28,37,42,46,19
2023-05-27,4,11,21,23,47,49,38
2023-05-28,8,10,30,38,41,47,46
2023-05-29,1,25,27,34,38,44,4
2023-05-30,12,19,20,21,36,37,41
2023-05-31,11,20,27,31,38,46,36
2023-06-01,9,10,13,21,22,40,17
2023-06-02,1,15,38,39,41,46,47
2023-06-03,2,5,13,22,24,30,19
2023-06-04,2,8,13,36,37,38,42
2023-06-05,17,28,30,41,43,49,31
2023-06-06,12,15,16,28,31,36,38
2023-06-07,13,17,19,29,38,41,47
2023-06-08,16,22,30,33,43,46,42
2023-06-09,2,20,25,41,48,49,34
2023-06-10,7,17,37,40,41,46,23
2023-06-11,1,11,27,33,34,45,2
2023-06-12,1,9,36,39,45,46,8
2023-06-13,2,3,7,12,14,41,43
2023-06-14,5,23,24,29,44,48,34
2023-06-15,6,17,26,27,42,49,18
2023-06-16,2,28,30,43,44,45,7
2023-06-17,4,14,24,27,31,49,34
2023-06-18,31,32,34,35,40,44,39
2023-06-19,4,10,12,14,33,45,6
2023-06-20,1,6,13,28,40,46,5
2023-06-21,10,12,37,38,39,44,45
2023-06-22,15,26,29,32,44,45,11
2023-06-23,26,27,33,36,43,45,16
2023-06-24,1,2,6,7,27,35,8
2023-06-25,1,4,24,27,32,43,7
2023-06-26,3,18,25,26,31,49,14
2023-06-27,19,20,33,40,42,44,15
2023-06-28,6,9,13,15,16,17,28
2023-06-29,12,25,26,35,37,39,23
2023-06-30,8,15,22,40,43,48,4
2023-07-01,7,9,16,23,28,46,14
2023-07-02,1,7,12,19,25,39,29
2023-07-03,6,10,11,20,37,40,25
2023-07-04,8,20,21,35,38,46,32
2023-07-05,1,25,31,32,39,44,23
2023-07-06,22,28,36,41,42,49,3
2023-07-07,1,24,28,39,40,44,36
2023-07-08,7,13,25,31,33,37,23
2023-07-09,3,9,16,17,33,43,44
2023-07-10,26,29,31,38,39,43,47
2023-07-11,2,13,15,22,35,37,20
2023-07-12,18,19,26,27,30,47,25
2023-07-13,5,7,16,25,32,38,17
2023-07-14,2,25,26,28,32,47,13
2023-07-15,30,31,40,44,46,49,25
2023-07-16,11,16,20,38,48,49,28
2023-07-17,12,13,19,34,41,43,49
2023-07-18,4,7,10,24,25,43,2
2023-07-19,13,15,27,31,39,48,40
2023-07-20,7,28,37,42,46,48,27
2023-07-21,32,34,35,40,41,48,21
2023-07-22,4,5,6,9,25,40,17
2023-07-23,8,15,19,28,30,33,40
2023-07-24,4,10,21,34,41,44,40
2023-07-25,6,9,24,27,35,43,3
2023-07-26,9,22,31,35,38,43,5
2023-07-27,17,20,27,36,43,49,37
2023-07-28,22,28,32,34,38,45,3
2023-07-29,1,2,7,25,40,43,39
2023-07-30,2,3,17,27,34,40,23
2023-07-31,9,11,18,24,26,33,22
2023-08-01,5,11,13,15,23,27,22
2023-08-02,16,19,27,32,36,39,47
2023-08-03,16,31,33,34,37,47,15
2023-08-04,6,25,30,31,41,45,17
2023-08-05,6,7,13,16,34,46,36
2023-08-06,7,15,20,36,41,43,9
2023-08-07,1,9,11,20,31,45,15
2023-08-08,19,21,28,29,35,39,38
2023-08-09,2,4,9,16,21,35,17
2023-08-10,8,22,25,29,33,35,39
2023-08-11,13,14,17,19,21,43,20
2023-08-12,3,17,24,30,42,49,7
2023-08-13,9,10,16,30,45,49,27
2023-08-14,24,25,27,31,39,41,47
2023-08-15,2,4,7,9,34,41,23
2023-08-16,4,11,13,15,21,40,22
2023-08-17,5,12,33,36,39,49,27
2023-08-18,8,9,10,21,31,40,19
2023-08-19,11,12,21,26,28,30,34
2023-08-20,9,13,15,16,27,38,22
2023-08-21,6,18,26,31,43,47,41
2023-08-22,5,13,15,23,30,48,3
2023-08-23,8,10,15,19,21,27,13
2023-08-24,8,20,27,39,44,45,32
2023-08-25,2,6,11,24,25,33,49
2023-08-26,1,6,8,12,36,41,47
2023-08-27,11,16,28,31,46,48,15
2023-08-28,7,9,30,36,43,45,34
2023-08-29,12,14,15,18,42,45,41
2023-08-30,4,5,32,35,37,48,21
2023-08-31,6,9,13,15,28,38,47
2023-09-01,12,14,21,28,33,35,3
2023-09-02,3,9,13,15,24,32,35
2023-09-03,2,9,28,38,41,49,34
2023-09-04,13,31,32,37,39,41,10
2023-09-05,21,24,36,43,44,48,15
2023-09-06,15,24,29,30,35,39,42
2023-09-07,3,17,23,36,42,46,19
2023-09-08,12,15,31,40,47,48,30
2023-09-09,6,7,9,14,35,41,27
2023-09-10,3,4,6,25,42,45,16
2023-09-11,17,22,31,36,38,47,42
2023-09-12,7,10,20,28,30,45,46
2023-09-13,3,15,23,26,27,33,13
2023-09-14,8,9,15,17,43,45,26
2023-09-15,3,9,12,26,41,44,22
2023-09-16,4,11,16,23,25,42,27
2023-09-17,3,9,15,24,30,45,6
2023-09-18,4,13,22,37,39,40,35
2023-09-19,18,22,30,31,32,40,9
2023-09-20,4,5,7,10,41,48,44
2023-09-21,1,10,16,18,19,42,12
2023-09-22,10,18,26,36,41,49,3
2023-09-23,10,12,20,21,27,38,9
2023-09-24,12,17,37,39,46,48,25
2023-09-25,1,7,8,20,29,48,27
2023-09-26,8,10,16,24,29,45,40
2023-09-27,4,23,31,39,42,45,34
2023-09-28,12,15,17,22,26,39,45
2023-09-29,12,23,29,34,36,43,47
2023-09-30,4,6,8,16,28,34,33
2023-10-01,11,14,19,26,42,47,13
2023-10-02,5,13,18,21,24,41,14
2023-10-03,18,21,23,36,42,47,12
2023-10-04,3,29,37,40,44,49,1
2023-10-05,15,17,18,36,42,46,16
2023-10-06,2,35,37,44,47,48,42
2023-10-07,3,17,24,39,42,44,29
2023-10-08,5,26,27,29,33,37,38
2023-10-09,3,13,17,34,37,47,11
2023-10-10,12,19,20,21,22,24,26
2023-10-11,7,10,25,38,40,45,1
2023-10-12,13,20,28,33,35,43,7
2023-10-13,7,8,11,34,44,48,38
2023-10-14,3,15,29,35,44,48,46
2023-10-15,10,16,23,31,41,46,29
2023-10-16,10,22,26,27,32,34,13
2023-10-17,3,10,12,22,24,32,44
2023-10-18,6,15,27,31,36,38,7
2023-10-19,5,7,12,20,31,40,27
2023-10-20,2,7,9,23,24,42,14
2023-10-21,14,15,18,20,30,41,35
2023-10-22,7,12,20,26,34,39,31
2023-10-23,16,20,41,43,45,46,31
2023-10-24,1,10,32,34,37,45,31
2023-10-25,2,4,16,25,40,42,13
2023-10-26,4,6,13,21,44,48,38
2023-10-27,1,8,13,14,27,49,24
2023-10-28,12,25,32,36,39,45,18
2023-10-29,6,9,14,19,21,44,41
2023-10-30,12,23,31,35,41,43,5
2023-10-31,11,14,17,36,40,41,2
2023-11-01,2,16,21,23,31,46,38
2023-11-02,10,13,23,36,44,48,31
2023-11-03,1,4,11,34,36,41,33
2023-11-04,13,18,35,37,40,44,43
2023-11-05,2,5,13,37,39,48,46
2023-11-06,7,27,33,34,40,47,26
2023-11-07,10,14,17,27,30,46,22
2023-11-08,5,6,8,22,28,30,41
2023-11-09,4,7,11,24,29,39,8
2023-11-10,1,5,9,14,17,46,34
2023-11-11,2,10,14,33,36,39,17
2023-11-12,1,25,35,41,43,44,3
2023-11-13,7,10,12,16,34,46,29
2023-11-14,3,15,21,26,30,43,34
2023-11-15,2,3,22,30,45,46,4
2023-11-16,8,9,14,17,21,47,29
2023-11-17,17,25,28,31,44,47,37
2023-11-18,17,20,25,27,28,36,34
2023-11-19,3,24,32,33,38,43,22
2023-11-20,7,13,23,26,37,49,32
2023-11-21,2,8,29,37,41,48,10
2023-11-22,16,20,29,44,46,48,4
2023-11-23,6,10,20,32,35,46,33
2023-11-24,4,6,14,29,36,44,33
2023-11-25,21,35,36,42,43,46,19
2023-11-26,13,16,17,34,37,42,36
2023-11-27,8,15,22,23,33,49,14
2023-11-28,9,19,22,33,43,48,28
2023-11-29,5,13,14,18,29,37,48
2023-11-30,1,14,33,41,43,45,38
2023-12-01,14,33,35,37,42,45,5
2023-12-02,12,16,22,35,37,46,31
2023-12-03,3,19,35,43,47,49,46
2023-12-04,3,14,18,24,34,40,23
2023-12-05,8,30,32,39,47,48,11
2023-12-06,9,23,31,43,45,46,41
2023-12-07,7,9,15,16,24,28,40
2023-12-08,20,21,38,39,41,45,1
2023-12-09,7,14,21,23,24,32,38
2023-12-10,7,9,11,15,28,41,45
2023-12-11,7,16,17,26,35,41,30
2023-12-12,11,17,31,35,38,49,40
2023-12-13,9,16,17,32,39,46,42
2023-12-14,6,34,38,42,44,47,9
2023-12-15,5,9,15,39,43,48,45
2023-12-16,11,13,19,26,29,36,40
2023-12-17,5,20,24,35,37,44,47
2023-12-18,6,8,11,32,37,49,24
2023-12-19,15,38,40,43,46,47,25
2023-12-20,4,5,8,37,45,46,26
2023-12-21,16,18,30,34,37,38,15
2023-12-22,8,9,15,21,23,48,12
2023-12-23,6,18,23,24,37,39,28
2023-12-24,1,11,17,22,36,42,9
2023-12-25,3,19,22,27,35,44,8
2023-12-26,13,25,30,39,43,49,10
2023-12-27,13,34,35,37,45,49,22
2023-12-28,6,14,15,16,20,40,28
2023-12-29,4,15,20,26,29,41,37
2023-12-30,5,11,14,16,18,30,12
2023-12-31,2,7,11,19,21,23,28
2024-01-01,10,15,21,28,29,36,25
2024-01-02,3,10,15,32,35,41,48
2024-01-03,11,15,22,38,43,47,8
2024-01-04,4,14,27,32,43,49,31
2024-01-05,7,27,32,34,35,36,29
2024-01-06,31,37,39,43,44,46,33
2024-01-07,20,31,35,36,40,41,37
2024-01-08,10,29,39,41,44,48,16
2024-01-09,6,33,36,43,44,47,41
2024-01-10,18,19,27,40,48,49,9
2024-01-11,5,18,19,23,42,45,36
2024-01-12,11,12,16,18,30,47,36
2024-01-13,4,23,27,28,34,49,42
2024-01-14,16,19,35,40,47,49,38
2024-01-15,9,10,20,24,27,31,34
2024-01-16,1,3,9,13,26,38,31
2024-01-17,11,13,18,23,43,49,14
2024-01-18,25,26,32,33,44,45,29
2024-01-19,1,2,9,26,38,43,44
2024-01-20,7,12,20,23,35,41,49
2024-01-21,4,10,22,34,41,44,46
2024-01-22,11,12,16,24,31,46,34
2024-01-23,10,16,29,33,46,48,40
2024-01-24,3,17,23,25,34,48,21
2024-01-25,6,13,16,21,27,32,14
2024-01-26,5,7,29,30,39,41,46
2024-01-27,2,4,37,39,44,46,16
2024-01-28,4,25,29,31,37,41,38
2024-01-29,3,5,10,37,47,49,18
2024-01-30,13,15,16,25,31,34,35
2024-01-31,6,14,16,36,43,46,12
2024-02-01,7,10,14,38,43,47,30
2024-02-02,1,10,16,31,39,45,17
2024-02-03,1,6,10,18,22,26,11
2024-02-04,22,23,34,42,44,47,36
2024-02-05,10,20,28,29,30,34,44
2024-02-06,3,7,22,39,40,45,17
2024-02-07,1,13,16,19,25,39,21
2024-02-08,1,6,17,36,40,43,27
2024-02-09,7,16,17,24,27,37,42
2024-02-10,1,5,12,22,23,28,47
2024-02-11,24,30,34,39,45,46,26
2024-02-12,13,23,24,25,42,47,12
2024-02-13,3,10,33,36,38,39,8
2024-02-14,14,16,26,31,34,40,10
2024-02-15,8,18,28,32,41,48,45
2024-02-16,5,9,16,17,22,32,21
2024-02-17,5,6,7,15,25,28,49
2024-02-18,17,24,28,31,41,45,22
2024-02-19,6,9,19,23,25,37,20
2024-02-20,2,6,9,22,31,46,8
2024-02-21,2,14,19,27,31,40,34
2024-02-22,5,8,11,19,44,45,9
2024-02-23,1,12,20,27,36,39,40
2024-02-24,2,11,15,20,34,48,31
2024-02-25,6,9,25,39,42,47,38
2024-02-26,6,11,25,33,34,35,38
2024-02-27,7,9,14,17,32,33,6
2024-02-28,1,5,6,16,28,30,46
2024-02-29,4,7,25,26,40,47,20
2024-03-01,8,9,16,18,41,48,23
2024-03-02,8,19,29,33,35,49,34
2024-03-03,7,16,19,33,48,49,15
2024-03-04,2,27,35,44,45,49,28
2024-03-05,17,20,22,31,34,46,21
2024-03-06,1,9,24,35,42,43,48
2024-03-07,4,7,9,13,35,36,1
2024-03-08,7,8,28,30,36,44,41
2024-03-09,2,6,14,33,38,45,47
2024-03-10,2,7,17,31,32,45,6
2024-03-11,2,8,16,27,40,44,39
2024-03-12,5,11,12,15,41,48,47
2024-03-13,20,22,37,39,43,49,15
2024-03-14,7,12,18,32,46,47,11
2024-03-15,11,18,21,33,36,42,44
2024-03-16,6,16,24,26,29,47,35
2024-03-17,6,26,31,35,47,48,23
2024-03-18,1,17,31,42,46,49,30
2024-03-19,6,16,20,23,26,49,30
2024-03-20,1,6,10,16,33,39,19
2024-03-21,5,8,17,18,31,40,47
2024-03-22,1,2,7,23,26,40,41
2024-03-23,2,18,21,33,45,46,13
2024-03-24,30,31,33,34,35,39,41
2024-03-25,3,28,34,40,44,45,26
2024-03-26,1,21,22,24,38,44,37
2024-03-27,1,5,31,37,42,49,10
2024-03-28,4,15,16,22,25,34,31
2024-03-29,2,7,16,18,32,43,31
2024-03-30,4,16,18,30,31,35,17
2024-03-31,15,17,21,30,36,46,28
2024-04-01,5,7,16,27,30,33,49
2024-04-02,5,7,11,38,41,48,29
2024-04-03,12,31,36,39,44,45,1
2024-04-04,6,9,31,32,33,43,7
2024-04-05,4,21,23,30,46,47,39
2024-04-06,5,22,25,37,41,42,21
2024-04-07,9,12,22,30,42,46,2
2024-04-08,11,20,24,29,42,49,19
2024-04-09,2,3,13,33,37,43,21
2024-04-10,2,10,11,13,23,32,1
2024-04-11,5,6,16,30,35,47,46
2024-04-12,3,23,24,34,43,49,1
2024-04-13,3,12,17,30,38,46,45
2024-04-14,9,10,18,33,34,43,44
2024-04-15,20,25,29,37,39,41,33
2024-04-16,2,3,11,17,19,25,49
2024-04-17,15,22,26,32,45,49,36
2024-04-18,1,2,13,22,26,41,8
2024-04-19,4,18,19,26,30,46,13
2024-04-20,1,8,21,34,36,41,11
2024-04-21,13,19,24,30,40,47,23
2024-04-22,16,23,25,28,36,37,45
2024-04-23,9,14,21,43,44,45,38
2024-04-24,7,23,24,31,40,42,5
2024-04-25,2,3,9,13,18,22,26
2024-04-26,19,21,28,31,33,34,48
2024-04-27,14,20,24,43,46,48,10
2024-04-28,2,30,32,36,40,47,27
2024-04-29,1,8,15,27,31,44,11
2024-04-30,11,13,24,25,26,49,23
2024-05-01,5,17,28,40,41,47,45
2024-05-02,4,16,19,30,36,44,29
2024-05-03,9,12,15,27,38,44,16
2024-05-04,4,32,34,35,37,46,31
2024-05-05,10,13,30,36,43,48,42
2024-05-06,2,13,14,28,44,49,18
2024-05-07,8,11,12,20,42,46,21
2024-05-08,12,18,22,23,29,38,42
2024-05-09,1,7,8,22,33,47,3
2024-05-10,1,4,6,16,18,36,47
2024-05-11,10,18,19,27,45,49,35
2024-05-12,2,4,24,31,38,43,5
2024-05-13,1,14,23,40,43,49,47
2024-05-14,4,20,23,33,45,47,32
2024-05-15,6,14,22,23,39,46,33
2024-05-16,2,17,28,29,33,44,14
2024-05-17,3,19,27,31,39,46,14
2024-05-18,4,12,28,32,37,40,44
2024-05-19,4,9,15,28,36,47,32
2024-05-20,7,15,27,35,37,47,26
2024-05-21,4,30,32,43,44,49,48
2024-05-22,6,9,10,38,44,48,17
2024-05-23,1,2,5,19,37,47,35
2024-05-24,8,14,37,38,45,46,11
2024-05-25,4,22,25,28,42,43,2
2024-05-26,2,11,34,35,45,48,18
2024-05-27,9,28,33,34,42,49,26
2024-05-28,12,13,19,32,45,47,43
2024-05-29,9,18,27,29,41,45,30
2024-05-30,6,11,23,27,29,43,24
2024-05-31,10,20,24,39,47,48,5
2024-06-01,12,24,26,34,37,41,18
2024-06-02,18,21,27,34,41,45,46
2024-06-03,19,27,31,43,47,48,22
2024-06-04,11,13,25,32,40,41,2
2024-06-05,24,30,31,32,35,43,11
2024-06-06,7,15,26,27,35,41,24
2024-06-07,8,11,13,37,46,48,40
2024-06-08,6,11,16,34,41,48,32
2024-06-09,7,13,26,28,34,45,11
2024-06-10,15,30,36,37,42,48,6
2024-06-11,19,20,28,33,37,44,2
2024-06-12,10,13,31,36,38,44,9
2024-06-13,7,9,19,27,35,38,8
2024-06-14,5,17,38,41,42,48,44
2024-06-15,1,10,18,27,36,47,49
2024-06-16,14,21,22,29,38,41,1
2024-06-17,12,14,16,27,29,30,21
2024-06-18,1,3,20,24,43,44,13
2024-06-19,3,16,19,28,32,34,23
2024-06-20,3,12,16,26,37,43,24
2024-06-21,13,21,34,39,40,47,17
2024-06-22,9,18,23,24,30,31,26
2024-06-23,7,15,19,20,28,38,46
2024-06-24,27,30,37,38,41,48,11
2024-06-25,6,10,35,39,42,46,28
2024-06-26,22,24,28,38,41,44,40
2024-06-27,1,5,9,22,40,42,13
2024-06-28,8,19,27,32,47,49,1
2024-06-29,5,14,30,31,35,48,7
2024-06-30,13,18,19,24,30,33,47
2024-07-01,2,10,22,27,30,47,6
2024-07-02,8,14,28,31,33,49,13
2024-07-03,18,26,31,43,48,49,6
2024-07-04,3,6,9,12,22,37,49
2024-07-05,24,26,38,39,40,46,16
2024-07-06,5,16,17,24,31,48,8
2024-07-07,5,7,21,35,36,44,1
2024-07-08,5,21,29,36,40,49,26
2024-07-09,8,10,11,19,40,48,9
2024-07-10,7,12,16,32,37,45,23
2024-07-11,5,6,7,16,26,48,8
2024-07-12,6,12,16,18,41,48,46
2024-07-13,4,33,35,39,43,48,22
2024-07-14,2,12,14,16,19,48,29
2024-07-15,2,3,5,20,34,42,19
2024-07-16,4,18,28,37,41,49,20
2024-07-17,3,8,16,25,32,35,21
2024-07-18,2,9,16,19,35,48,45
2024-07-19,5,10,28,29,41,46,35
2024-07-20,1,2,3,27,28,31,25
2024-07-21,5,16,40,41,45,46,17
2024-07-22,7,16,18,26,46,47,14
2024-07-23,1,3,8,20,29,48,40
2024-07-24,9,20,24,43,45,49,1
2024-07-25,1,11,14,28,42,48,20
2024-07-26,5,25,30,41,44,45,23
2024-07-27,10,13,16,20,29,43,25
2024-07-28,13,14,20,24,26,46,40
2024-07-29,6,7,21,30,38,47,2
2024-07-30,4,20,25,26,28,29,13
2024-07-31,3,5,24,29,44,48,7
2024-08-01,20,26,33,35,38,41,31
2024-08-02,3,5,9,24,30,42,16
2024-08-03,3,10,19,20,29,34,11
2024-08-04,1,13,18,28,34,49,20
2024-08-05,1,4,10,25,38,41,47
2024-08-06,6,16,19,20,24,49,14
2024-08-07,10,27,28,35,47,49,14
2024-08-08,3,17,19,24,26,47,27
2024-08-09,7,23,25,30,36,48,26
2024-08-10,3,6,8,18,43,49,5
2024-08-11,3,13,14,16,24,42,17
2024-08-12,12,16,24,27,33,44,39
2024-08-13,16,23,33,36,43,49,39
2024-08-14,16,17,18,22,27,49,12
2024-08-15,7,8,16,33,38,43,35
2024-08-16,3,4,31,38,43,47,2
2024-08-17,3,11,16,25,35,48,29
2024-08-18,12,14,19,23,37,48,43
2024-08-19,2,5,10,20,42,46,25
2024-08-20,23,25,36,44,45,48,17
2024-08-21,7,10,17,25,35,38,21
2024-08-22,1,2,4,16,21,48,43
2024-08-23,2,5,10,11,16,40,38
2024-08-24,1,2,6,22,34,42,13
2024-08-25,5,11,15,19,34,36,33
2024-08-26,3,9,10,22,23,45,14
2024-08-27,6,11,15,18,30,39,38
2024-08-28,6,14,16,22,37,41,48
2024-08-29,4,31,35,38,40,44,39
2024-08-30,11,18,24,38,39,49,19
2024-08-31,4,22,29,39,43,48,1
2024-09-01,1,4,5,32,34,45,47
2024-09-02,2,4,5,7,22,38,33
2024-09-03,4,8,10,22,23,41,33
2024-09-04,15,19,25,35,42,44,33
2024-09-05,7,14,20,33,39,46,45
2024-09-06,7,25,31,35,39,45,32
2024-09-07,13,26,29,32,38,47,21
2024-09-08,5,6,10,17,21,34,43
2024-09-09,1,3,6,25,32,46,16
2024-09-10,3,8,40,42,43,49,38
2024-09-11,2,15,28,38,39,48,37
2024-09-12,5,6,8,17,33,36,28
2024-09-13,2,7,9,13,23,26,20
2024-09-14,7,10,15,22,37,47,27
2024-09-15,3,8,34,36,38,49,30
2024-09-16,11,19,22,27,39,49,35
2024-09-17,21,36,37,39,42,49,30
2024-09-18,3,11,16,20,32,48,49
2024-09-19,8,24,25,26,34,36,27
2024-09-20,6,12,23,32,40,44,19
2024-09-21,3,12,30,33,43,46,25
2024-09-22,7,8,14,44,47,48,35
2024-09-23,4,11,18,39,40,42,45
2024-09-24,1,7,9,11,15,19,37
2024-09-25,13,16,33,34,40,45,37
2024-09-26,7,8,10,15,35,49,30
2024-09-27,7,11,16,19,37,38,5
2024-09-28,4,7,30,36,39,41,19
2024-09-29,9,14,20,27,35,40,30
2024-09-30,2,5,21,39,42,43,45
2024-10-01,1,3,5,11,21,47,15
2024-10-02,11,17,27,29,34,46,2
2024-10-03,4,22,37,43,44,48,18
2024-10-04,11,12,14,24,44,45,2
2024-10-05,3,14,16,19,20,29,38
2024-10-06,4,17,20,26,31,35,18
2024-10-07,2,6,19,33,34,42,14
2024-10-08,4,10,14,15,25,32,31
2024-10-09,8,12,29,31,48,49,14
2024-10-10,10,32,33,35,43,46,40
2024-10-11,2,4,8,26,34,42,28
2024-10-12,2,12,19,38,47,49,25
2024-10-13,1,32,39,42,45,46,9
2024-10-14,2,36,38,41,42,48,22
2024-10-15,3,4,23,30,41,42,29
2024-10-16,1,7,16,31,43,44,14
2024-10-17,4,7,18,20,30,44,2
2024-10-18,1,32,40,44,48,49,34
2024-10-19,17,19,23,38,40,44,16
2024-10-20,1,5,30,37,39,48,49
2024-10-21,11,16,17,23,25,39,41
2024-10-22,6,19,36,38,39,42,31
2024-10-23,9,11,17,22,36,43,20
2024-10-24,8,13,25,33,34,36,28
2024-10-25,8,9,20,34,36,40,27
2024-10-26,6,9,10,11,31,37,3
2024-10-27,2,11,20,22,27,42,41
2024-10-28,5,12,16,22,32,34,46
2024-10-29,10,18,26,38,40,44,19
2024-10-30,16,20,21,22,27,43,1
2024-10-31,3,8,15,22,26,37,24
2024-11-01,2,8,13,32,39,45,6
2024-11-02,3,4,11,14,26,34,41
2024-11-03,13,17,18,26,30,42,8
2024-11-04,9,10,15,18,19,45,8
2024-11-05,24,25,28,42,43,49,16
2024-11-06,2,6,7,11,28,38,18
2024-11-07,9,16,19,20,35,39,32
2024-11-08,10,12,31,39,46,47,7
2024-11-09,8,18,29,30,39,41,15
2024-11-10,3,11,18,25,44,45,35
2024-11-11,5,8,26,30,33,40,15
2024-11-12,11,40,41,42,44,47,9
2024-11-13,19,22,31,41,48,49,46
2024-11-14,21,27,30,40,43,47,5
2024-11-15,2,6,14,27,38,48,41
2024-11-16,5,9,21,25,30,44,45
2024-11-17,17,25,31,35,41,47,1
2024-11-18,14,20,21,32,34,44,30
2024-11-19,8,15,21,28,30,33,37
2024-11-20,7,22,23,27,45,49,34
2024-11-21,7,12,18,19,46,48,31
2024-11-22,6,13,14,17,21,30,43
2024-11-23,9,20,21,29,35,36,46
2024-11-24,6,7,19,25,28,46,34
2024-11-25,1,21,25,26,29,37,16
2024-11-26,1,8,13,32,33,47,19
2024-11-27,6,9,16,19,31,46,1
2024-11-28,1,2,8,9,11,38,47
2024-11-29,20,25,27,28,37,49,23
2024-11-30,6,7,8,17,33,35,4
2024-12-01,3,4,19,23,25,49,5
2024-12-02,6,28,29,33,34,46,7
2024-12-03,15,28,34,38,39,44,4
2024-12-04,2,10,13,22,24,42,45
2024-12-05,4,8,11,15,22,26,2
2024-12-06,8,19,21,22,44,48,14
2024-12-07,13,19,20,34,38,48,6
2024-12-08,6,8,24,40,43,47,28
2024-12-09,2,7,18,23,45,47,6
2024-12-10,5,8,15,22,41,45,49
2024-12-11,3,5,17,23,33,43,48
2024-12-12,22,26,32,37,43,44,15
2024-12-13,12,18,28,39,46,47,44
2024-12-14,11,15,16,17,24,32,3
2024-12-15,13,18,24,29,38,43,1
2024-12-16,6,9,22,31,32,37,34
2024-12-17,4,17,18,31,38,48,3
2024-12-18,4,7,18,26,27,39,20
2024-12-19,10,16,18,20,24,29,4
2024-12-20,3,7,9,15,33,49,21
2024-12-21,2,7,23,32,39,41,28
2024-12-22,9,31,33,35,39,40,44
2024-12-23,16,20,24,28,35,37,47
2024-12-24,6,16,21,30,33,34,39
2024-12-25,25,31,38,40,46,48,47
2024-12-26,1,2,10,15,16,23,19
2024-12-27,1,12,15,26,32,43,37
2024-12-28,6,14,37,39,41,43,20
2024-12-29,1,2,3,25,28,30,36
2024-12-30,11,17,24,26,29,38,4
2024-12-31,18,20,23,33,41,43,30
2025-01-01,8,11,18,33,41,45,40
2025-01-02,13,22,25,26,41,45,12
2025-01-03,1,4,12,14,29,43,48
2025-01-04,6,8,9,29,39,46,33
2025-01-05,7,24,35,41,43,44,33
2025-01-06,8,31,32,36,37,38,47
2025-01-07,6,28,30,31,40,46,29
2025-01-08,1,3,28,29,37,40,38
2025-01-09,5,9,12,26,37,41,36
2025-01-10,2,4,9,32,42,43,21
2025-01-11,2,4,17,21,22,40,26
2025-01-12,6,7,23,34,35,48,36
2025-01-13,1,10,14,16,27,41,48
2025-01-14,9,28,36,41,47,49,18
2025-01-15,2,15,27,37,43,48,29
2025-01-16,3,12,17,34,37,46,2
2025-01-17,20,25,29,33,34,44,47
2025-01-18,8,9,10,18,39,46,38
2025-01-19,3,7,12,26,29,32,4
2025-01-20,1,2,12,33,34,38,10
2025-01-21,7,10,15,17,37,42,45
2025-01-22,7,9,15,28,38,45,30
2025-01-23,1,8,20,26,48,49,37
2025-01-24,25,30,38,41,44,45,34
2025-01-25,6,20,37,42,43,46,47
2025-01-26,9,24,37,38,42,44,18
2025-01-27,2,24,29,43,47,49,34
2025-01-28,14,16,26,32,34,49,1
2025-01-29,10,15,18,27,41,43,24
2025-01-30,15,16,21,26,34,37,3
2025-01-31,11,27,28,39,43,48,3
2025-02-01,3,10,26,29,30,32,47
2025-02-02,8,20,30,36,40,47,26
2025-02-03,1,6,12,13,22,26,31
2025-02-04,2,11,24,26,31,41,10
2025-02-05,2,6,14,31,32,41,7
2025-02-06,4,20,32,37,40,44,30
2025-02-07,1,16,34,36,41,44,31
2025-02-08,13,26,28,30,35,40,33
2025-02-09,3,17,21,29,31,36,43
2025-02-10,3,15,18,19,29,41,9
2025-02-11,3,5,22,29,37,46,6
2025-02-12,7,11,21,24,31,46,38
2025-02-13,21,29,30,37,44,48,35
2025-02-14,3,22,33,38,40,49,48
2025-02-15,8,11,17,26,30,41,5
2025-02-16,5,16,29,30,35,40,9
2025-02-17,20,35,41,44,48,49,32
2025-02-18,15,23,26,37,44,48,32
2025-02-19,3,23,30,34,40,44,32
2025-02-20,3,15,18,25,26,37,11
2025-02-21,1,5,15,26,40,49,41
2025-02-22,15,23,30,31,40,43,4
2025-02-23,2,7,34,36,41,49,15
2025-02-24,1,26,34,35,42,43,28
2025-02-25,6,21,26,30,39,43,3
2025-02-26,7,22,28,35,36,37,18
2025-02-27,25,26,31,35,37,39,14
2025-02-28,7,16,19,23,25,27,33
2025-03-01,10,16,33,35,36,38,39
2025-03-02,1,12,17,21,32,44,15
2025-03-03,4,17,22,35,45,49,36
2025-03-04,2,11,24,35,38,42,44
2025-03-05,1,12,19,30,45,47,27
2025-03-06,17,18,24,31,32,35,26
2025-03-07,7,19,20,25,31,47,44
2025-03-08,6,19,25,37,40,42,16
2025-03-09,3,7,14,21,27,32,1
2025-03-10,2,6,17,18,38,41,5
2025-03-11,6,20,29,31,37,43,44
2025-03-12,6,7,13,20,30,46,32
2025-03-13,5,16,19,30,39,48,29
2025-03-14,4,15,23,26,28,44,22
2025-03-15,17,24,27,30,32,46,49
2025-03-16,13,18,28,36,42,49,3
2025-03-17,1,7,14,15,16,29,35
2025-03-18,4,9,29,35,41,46,21
2025-03-19,3,5,6,10,30,49,19
2025-03-20,4,12,13,23,30,37,15
2025-03-21,14,22,24,25,31,41,19
2025-03-22,7,12,14,37,40,42,27
2025-03-23,9,16,26,33,38,43,23
2025-03-24,11,17,33,37,42,43,14
2025-03-25,6,12,26,28,38,43,16
2025-03-26,8,10,21,24,25,46,16
2025-03-27,3,5,8,18,20,47,1
2025-03-28,5,9,11,24,37,43,28
2025-03-29,17,25,26,31,42,43,2
2025-03-30,19,28,33,35,38,39,4
2025-03-31,6,8,22,25,32,40,43
2025-04-01,14,21,30,32,45,46,7
2025-04-02,7,16,28,30,33,46,8
2025-04-03,10,15,25,29,45,49,32
2025-04-04,7,9,10,26,30,43,31
2025-04-05,10,11,30,33,45,48,1
2025-04-06,2,12,22,23,34,43,31
2025-04-07,9,10,18,20,32,34,36
2025-04-08,12,16,24,38,43,45,28
2025-04-09,15,19,21,37,43,48,44
2025-04-10,3,17,27,30,36,42,8
2025-04-11,17,29,30,31,35,47,3
2025-04-12,8,9,26,31,41,46,30
2025-04-13,23,31,34,36,37,47,10
2025-04-14,3,4,27,40,42,49,39
2025-04-15,17,19,32,36,47,48,31
2025-04-16,7,23,25,32,47,48,30
2025-04-17,1,8,19,30,33,45,31
2025-04-18,3,23,29,37,43,49,27
2025-04-19,8,15,21,34,39,47,5
2025-04-20,1,14,25,31,32,35,40
2025-04-21,2,11,28,39,40,42,33
2025-04-22,1,6,18,25,27,45,33
2025-04-23,1,7,12,28,36,40,46
2025-04-24,4,15,21,24,40,48,26
2025-04-25,25,27,32,34,38,40,11
2025-04-26,2,13,19,28,32,40,34
2025-04-27,2,11,13,14,22,25,36
2025-04-28,2,4,19,23,36,47,39
2025-04-29,7,14,15,17,24,41,20
2025-04-30,29,31,33,40,47,48,37
2025-05-01,3,4,12,14,26,43,7
2025-05-02,8,9,14,29,39,43,34
2025-05-03,13,20,22,24,36,40,11
2025-05-04,18,31,40,44,45,46,3
2025-05-05,13,24,26,34,44,47,17
2025-05-06,3,7,30,34,37,44,29
2025-05-07,6,14,22,24,26,35,31
2025-05-08,11,17,19,20,38,40,26
2025-05-09,14,19,27,28,35,41,22
2025-05-10,1,5,8,25,42,49,23
2025-05-11,3,24,28,36,38,47,43
2025-05-12,4,14,16,21,23,29,33
2025-05-13,12,16,18,22,31,45,30
2025-05-14,24,25,32,35,45,48,11
2025-05-15,5,17,21,25,28,44,8
2025-05-16,16,24,25,41,48,49,30
2025-05-17,3,10,17,31,35,43,37
2025-05-18,6,8,10,28,32,35,14
2025-05-19,4,11,17,22,30,33,41
2025-05-20,15,18,20,21,38,48,4
2025-05-21,9,17,24,42,45,46,32
2025-05-22,2,3,18,20,37,42,31
2025-05-23,15,28,36,37,42,44,49
2025-05-24,1,3,13,21,42,49,35
2025-05-25,6,9,11,36,39,40,25
2025-05-26,15,18,23,28,33,49,9
2025-05-27,1,3,6,12,22,23,28
2025-05-28,4,16,20,27,31,38,45
2025-05-29,14,27,33,34,39,43,19
2025-05-30,27,32,34,39,47,49,11
2025-05-31,2,10,36,37,45,47,21
2025-06-01,23,29,30,31,32,39,49
2025-06-02,3,26,28,41,46,47,40
2025-06-03,1,7,15,17,36,45,26
2025-06-04,6,14,23,31,37,44,47
2025-06-05,6,14,18,34,39,49,20
2025-06-06,2,10,25,27,30,39,12
2025-06-07,22,26,36,38,40,46,12
2025-06-08,9,12,32,39,42,43,49
2025-06-09,11,14,19,39,41,47,31
2025-06-10,9,18,26,29,34,40,46
2025-06-11,5,8,11,18,28,29,41
2025-06-12,1,4,6,20,23,45,5
2025-06-13,22,29,31,32,33,35,13
2025-06-14,5,9,10,21,29,47,24
2025-06-15,5,10,28,34,39,41,4
2025-06-16,1,3,19,20,25,38,36
2025-06-17,1,6,7,18,40,49,29
2025-06-18,5,10,14,26,43,49,36
2025-06-19,10,21,29,41,43,45,20
2025-06-20,13,17,30,33,36,47,21
2025-06-21,32,34,36,37,39,48,29
2025-06-22,18,26,28,39,41,44,45
2025-06-23,5,6,7,9,22,25,35
2025-06-24,7,8,12,22,37,49,27
2025-06-25,3,24,26,29,36,49,32
2025-06-26,5,30,32,33,42,44,40
2025-06-27,3,5,11,24,25,28,41
2025-06-28,6,7,9,13,16,24,17
2025-06-29,3,21,22,41,46,48,9
2025-06-30,7,10,15,17,24,49,6
2025-07-01,12,16,30,37,41,44,23
2025-07-02,8,9,12,39,43,47,49
2025-07-03,4,18,33,38,42,44,8
2025-07-04,3,27,31,35,39,43,42
2025-07-05,2,3,4,38,41,47,32
2025-07-06,10,29,37,38,41,48,40
2025-07-07,4,11,22,32,35,46,5
2025-07-08,2,10,11,23,24,30,15
2025-07-09,10,12,16,23,42,43,31
2025-07-10,10,15,25,29,42,49,43
2025-07-11,2,15,23,42,45,46,10
2025-07-12,9,22,30,41,46,49,4
2025-07-13,1,6,8,15,40,41,21
2025-07-14,2,19,21,42,44,49,15
2025-07-15,9,20,26,30,46,48,11
2025-07-16,12,22,34,38,40,49,23
2025-07-17,4,12,22,23,44,47,14
2025-07-18,4,20,30,32,45,47,2
2025-07-19,10,13,23,33,39,47,12
2025-07-20,11,13,14,18,19,37,33
2025-07-21,7,19,20,29,44,45,10
2025-07-22,1,11,18,21,36,46,43
2025-07-23,13,16,22,24,32,42,18
2025-07-24,14,18,21,24,30,33,39
2025-07-25,6,13,18,23,34,46,44
2025-07-26,4,8,9,29,33,35,40
2025-07-27,2,6,19,25,27,40,24
2025-07-28,18,23,32,43,44,46,45
2025-07-29,12,13,18,33,38,48,39
2025-07-30,3,7,23,33,43,48,13
2025-07-31,12,20,23,31,43,44,38
2025-08-01,5,22,23,41,43,48,27
2025-08-02,2,6,20,23,31,37,10
2025-08-03,8,9,17,20,21,39,23
2025-08-04,4,22,23,31,32,47,36
2025-08-05,6,9,13,21,27,45,2
2025-08-06,4,9,12,22,33,40,45
2025-08-07,1,15,26,31,32,38,29
2025-08-08,9,24,29,35,38,41,39
2025-08-09,20,22,31,32,43,47,40
2025-08-10,2,5,15,25,28,43,4
2025-08-11,1,10,15,26,46,48,41
2025-08-12,3,5,21,27,29,46,43
2025-08-13,19,26,33,34,36,49,21
2025-08-14,3,4,6,14,33,41,19
2025-08-15,2,14,18,26,36,48,3
2025-08-16,13,14,22,26,46,47,24
2025-08-17,3,9,21,28,40,42,7
2025-08-18,3,7,8,9,10,26,39
2025-08-19,7,20,22,32,46,48,21
2025-08-20,19,20,22,32,33,44,6
2025-08-21,11,23,38,39,46,49,9
2025-08-22,8,9,27,33,36,44,40
2025-08-23,11,18,21,27,31,47,8
2025-08-24,16,17,38,40,46,49,24
2025-08-25,4,26,30,31,38,49,1
2025-08-26,6,21,33,44,47,48,42
2025-08-27,5,11,15,27,43,44,14
2025-08-28,1,5,6,7,11,47,32
2025-08-29,1,9,26,27,28,34,11
2025-08-30,7,10,24,28,35,36,14
2025-08-31,10,13,17,30,41,44,18
2025-09-01,2,5,6,9,26,43,4
2025-09-02,5,12,13,42,44,45,15
2025-09-03,1,12,15,18,23,41,14
2025-09-04,1,5,6,29,40,42,2
2025-09-05,1,2,10,16,19,24,18
2025-09-06,7,12,13,22,39,44,27
2025-09-07,2,6,7,9,11,43,28
2025-09-08,1,16,21,29,41,44,36
2025-09-09,2,14,21,24,28,45,3
2025-09-10,2,11,24,37,39,45,19
2025-09-11,4,11,16,27,30,36,34
2025-09-12,4,12,32,34,37,43,39
2025-09-13,2,21,37,40,41,42,22
2025-09-14,7,14,17,21,23,35,9
2025-09-15,2,7,20,35,38,40,13
2025-09-16,7,14,19,20,25,41,26
2025-09-17,9,10,13,29,32,33,21
2025-09-18,18,24,27,35,36,41,2
2025-09-19,18,27,32,41,45,46,44
2025-09-20,7,9,12,34,38,39,31
2025-09-21,2,4,21,30,38,49,13
2025-09-22,8,10,13,27,36,49,15
2025-09-23,2,4,16,23,35,42,41
2025-09-24,1,25,28,39,42,46,2
2025-09-25,12,14,17,26,33,42,31
2025-09-26,1,8,13,36,40,45,18
2025-09-27,1,22,27,35,42,47,41
2025-09-28,3,6,28,35,43,45,47
2025-09-29,6,7,19,34,41,49,1
2025-09-30,3,11,22,26,29,42,48
2025-10-01,4,12,16,21,22,49,43
2025-10-02,12,15,20,25,34,43,47
2025-10-03,8,25,26,34,44,45,10
2025-10-04,7,16,22,28,40,46,12
2025-10-05,8,24,28,29,37,47,9
2025-10-06,14,16,20,28,41,45,10
2025-10-07,5,20,24,25,46,49,36
2025-10-08,20,26,36,44,47,49,43
2025-10-09,3,4,8,14,24,25,48
2025-10-10,7,8,17,24,44,47,42
2025-10-11,1,5,16,17,20,24,49
2025-10-12,8,15,19,21,25,40,37
2025-10-13,6,8,20,33,37,42,4
2025-10-14,3,10,20,31,43,47,38
2025-10-15,5,8,21,40,42,43,23
2025-10-16,8,16,19,30,37,46,11
2025-10-17,1,6,7,14,17,35,45
2025-10-18,1,9,10,24,34,38,48
2025-10-19,1,3,4,8,10,39,2
2025-10-20,2,4,5,13,32,42,29
2025-10-21,6,12,16,17,34,37,4
2025-10-22,7,30,31,33,39,40,41
2025-10-23,1,6,16,26,31,33,47
2025-10-24,10,12,13,27,39,47,3
2025-10-25,12,14,21,40,42,49,26
2025-10-26,11,18,21,31,35,43,37
2025-10-27,6,13,15,19,27,38,21
2025-10-28,4,14,17,23,39,43,10
2025-10-29,7,8,17,23,28,38,32
2025-10-30,15,16,28,29,36,37,8
2025-10-31,2,6,7,11,17,23,9
2025-11-01,6,7,27,28,37,40,15
2025-11-02,12,16,18,41,46,49,5
2025-11-03,15,20,25,32,41,47,42
2025-11-04,2,10,27,32,41,49,28
2025-11-05,10,17,19,24,36,49,6
2025-11-06,5,12,22,40,42,43,28
2025-11-07,12,14,20,23,41,45,5
2025-11-08,3,16,34,37,39,40,44
2025-11-09,8,12,14,19,25,46,4
2025-11-10,22,27,33,39,42,43,30
2025-11-11,8,12,14,16,17,32,26
2025-11-12,15,20,33,35,43,44,1
2025-11-13,17,18,25,32,34,45,30
2025-11-14,9,12,23,33,41,42,30
2025-11-15,6,21,24,29,34,45,12
2025-11-16,20,21,26,32,38,44,42
2025-11-17,2,12,13,21,35,37,31
2025-11-18,5,16,24,28,35,42,8
2025-11-19,11,15,19,29,42,43,47
2025-11-20,14,26,31,40,42,46,18
2025-11-21,9,11,24,29,32,41,49
2025-11-22,22,23,40,43,44,46,35
2025-11-23,1,10,12,22,34,44,37
2025-11-24,7,21,23,27,39,45,47
2025-11-25,5,8,13,14,21,26,34
2025-11-26,7,9,25,30,41,49,46
2025-11-27,13,24,30,35,46,49,38
2025-11-28,5,9,16,29,33,43,47
2025-11-29,11,17,26,27,37,38,40
2025-11-30,2,10,12,16,20,31,18
2025-12-01,2,17,21,24,40,41,39
2025-12-02,2,4,6,16,29,47,14
2025-12-03,12,25,26,27,34,46,18
2025-12-04,7,11,19,30,43,48,31
2025-12-05,12,19,23,25,26,37,40
2025-12-06,1,6,8,14,18,41,47
2025-12-07,12,14,20,41,42,48,32
2025-12-08,9,21,28,36,45,46,47
2025-12-09,5,7,21,23,39,43,29
2025-12-10,6,10,11,14,18,30,44
2025-12-11,3,4,12,35,37,46,26
2025-12-12,8,10,11,17,22,24,47
2025-12-13,1,13,19,26,28,32,31
2025-12-14,3,10,12,21,37,39,34
2025-12-15,3,13,17,27,29,48,20
2025-12-16,2,3,13,15,31,44,20
2025-12-17,10,11,13,17,33,36,1
2025-12-18,5,7,11,34,37,40,17
2025-12-19,13,15,25,35,38,44,23
2025-12-20,7,30,31,33,42,46,6
2025-12-21,4,18,27,31,32,37,47
2025-12-22,10,26,28,32,35,45,37
2025-12-23,11,14,22,30,33,37,3
2025-12-24,2,9,17,20,27,43,4
2025-12-25,6,9,11,25,31,38,48
2025-12-26,2,8,37,39,42,46,14
2025-12-27,9,11,29,32,34,37,7
2025-12-28,2,6,9,17,43,47,30
2025-12-29,4,7,13,14,31,33,46
2025-12-30,7,12,18,25,31,32,36
2025-12-31,11,16,18,28,35,38,6
2026-01-01,7,8,10,13,41,43,30
2026-01-02,6,8,33,34,37,46,47
2026-01-03,16,20,22,33,34,48,26
2026-01-04,1,11,12,31,44,49,23
2026-01-05,3,5,10,13,20,43,47
2026-01-06,3,8,10,23,24,42,33
2026-01-07,5,15,17,20,25,36,45
2026-01-08,5,8,14,21,29,35,38
2026-01-09,4,11,17,29,43,45,46
2026-01-10,12,32,40,41,43,47,13
2026-01-11,8,12,13,22,26,34,36
2026-01-12,13,19,24,34,44,46,14
2026-01-13,19,24,26,35,37,42,25
2026-01-14,15,29,37,43,44,46,12
2026-01-15,9,29,30,31,42,43,26
2026-01-16,4,10,36,37,42,46,34
2026-01-17,2,4,8,11,16,42,23
2026-01-18,3,6,21,23,37,44,34
2026-01-19,7,22,30,35,42,49,12
2026-01-20,8,15,16,19,34,45,20
2026-01-21,20,22,24,34,39,44,30
2026-01-22,1,7,10,22,25,33,31
2026-01-23,10,11,14,17,26,44,35
2026-01-24,2,3,4,5,38,42,23
2026-01-25,12,13,19,26,30,41,28
2026-01-26,8,16,18,31,33,35,4
2026-01-27,8,18,28,39,44,45,7
2026-01-28,6,7,13,26,27,29,43
2026-01-29,15,19,26,44,45,49,11
2026-01-30,8,18,26,34,36,42,37
2026-01-31,4,26,28,37,38,39,8
2026-02-01,8,11,12,31,35,46,37
2026-02-02,10,12,24,41,43,48,42
2026-02-03,13,14,21,27,36,37,34
2026-02-04,12,24,26,27,33,41,44
2026-02-05,10,13,15,18,25,33,45
2026-02-06,14,37,39,40,42,48,31
2026-02-07,4,16,22,23,32,49,34
2026-02-08,7,15,19,20,23,43,27
2026-02-09,7,26,38,40,44,47,20
2026-02-10,2,17,20,35,44,46,18
2026-02-11,2,25,32,36,39,44,38
2026-02-12,5,12,18,23,41,46,49
2026-02-13,3,19,22,25,31,48,14
2026-02-14,12,18,19,23,37,49,11
2026-02-15,2,3,8,22,32,49,24
2026-02-16,1,18,25,27,29,45,11
2026-02-17,11,15,17,18,22,23,34
2026-02-18,1,2,5,9,16,45,34
2026-02-19,1,7,9,16,44,45,38
2026-02-20,1,21,33,34,41,49,44
2026-02-21,7,13,14,23,38,39,35
2026-02-22,6,15,36,38,43,44,23
2026-02-23,1,4,26,31,33,39,9
2026-02-24,1,14,15,37,41,44,18
2026-02-25,5,6,8,24,25,30,32
2026-02-26,4,11,19,23,26,41,35
2026-02-27,5,6,28,37,43,44,31
2026-02-28,1,2,8,12,29,31,47
2026-03-01,9,21,38,43,45,46,27
2026-03-02,3,12,15,38,42,44,49
2026-03-03,4,29,30,32,43,49,11
2026-03-04,16,19,22,25,29,47,41
2026-03-05,1,11,14,22,41,43,18
2026-03-06,1,15,31,38,41,47,9
2026-03-07,16,30,35,45,46,48,42
2026-03-08,14,15,16,42,44,46,11
2026-03-09,7,9,31,36,41,48,43
2026-03-10,3,26,31,35,37,48,10
2026-03-11,9,20,25,32,33,34,49
2026-03-12,11,14,15,30,33,41,43
2026-03-13,11,12,17,30,46,49,42
2026-03-14,4,16,22,32,36,42,15
2026-03-15,2,20,24,30,36,47,22
2026-03-16,8,12,21,32,35,48,49
2026-03-17,4,11,13,22,39,43,36
2026-03-18,4,23,29,34,42,46,3
2026-03-19,3,6,16,17,48,49,43
2026-03-20,3,5,11,20,28,43,10
2026-03-21,9,15,20,21,26,41,22
2026-03-22,6,15,25,26,28,30,23
2026-03-23,7,9,13,18,24,30,43
2026-03-24,6,10,22,30,39,41,4
2026-03-25,3,6,7,10,26,44,33
2026-03-26,2,12,31,40,41,46,49
2026-03-27,1,6,26,35,42,45,14
2026-03-28,6,7,10,14,18,44,32
2026-03-29,3,14,15,36,47,48,26
2026-03-30,5,28,33,41,43,47,18
2026-03-31,8,12,15,21,26,40,39
2026-04-01,1,23,44,45,46,47,21
2026-04-02,2,9,17,21,37,48,14
2026-04-03,5,10,26,28,42,45,1
2026-04-04,7,10,20,22,25,27,4
2026-04-05,5,15,22,28,36,47,19
2026-04-06,2,10,25,28,40,46,17
2026-04-07,3,11,30,38,39,41,32
2026-04-08,23,33,35,38,46,49,6
2026-04-09,4,8,21,23,31,41,11
2026-04-10,1,3,6,16,48,49,36
2026-04-11,17,18,20,22,46,47,35
2026-04-12,4,12,17,18,22,33,15
2026-04-13,9,12,16,18,26,38,39
2026-04-14,15,17,18,22,32,43,21
2026-04-15,5,13,23,35,42,43,22
2026-04-16,1,5,10,15,41,48,46
2026-04-17,3,11,24,29,36,46,19
2026-04-18,13,18,24,31,40,46,37
2026-04-19,9,13,42,44,45,47,6
2026-04-20,6,18,22,23,44,46,28
2026-04-21,1,21,23,25,31,46,20
2026-04-22,17,21,22,38,42,47,5
2026-04-23,8,19,22,27,45,47,5
2026-04-24,3,5,17,35,42,47,25
2026-04-25,11,14,18,21,24,37,27
2026-04-26,16,23,25,30,37,47,3
2026-04-27,20,23,40,41,45,49,22
2026-04-28,4,17,33,40,45,47,19
2026-04-29,1,10,11,23,34,41,48
2026-04-30,10,15,29,30,35,39,38
2026-05-01,13,24,26,37,45,47,7
2026-05-02,7,17,22,38,41,47,48
2026-05-03,13,25,27,38,40,45,20
2026-05-04,5,11,24,32,46,49,17
2026-05-05,10,23,41,42,44,47,4
2026-05-06,10,21,22,29,42,44,48
2026-05-07,11,13,16,21,22,45,41
2026-05-08,5,8,22,30,34,35,44
2026-05-09,12,13,17,19,21,26,24
2026-05-10,3,19,28,29,30,48,47
2026-05-11,6,8,9,13,40,48,36
2026-05-12,13,16,18,24,37,45,35
2026-05-13,2,9,18,23,44,46,15
2026-05-14,1,25,28,36,37,40,13
2026-05-15,25,30,33,35,41,43,7
2026-05-16,12,16,23,27,28,38,41
2026-05-17,16,17,24,38,46,47,41
2026-05-18,4,11,19,24,37,47,12
2026-05-19,1,6,13,28,29,48,9
2026-05-20,7,8,14,28,31,43,20
2026-05-21,3,14,24,28,37,46,16
2026-05-22,1,10,16,20,29,47,19
2026-05-23,2,4,12,21,25,42,5
2026-05-24,2,7,15,30,35,45,25
2026-05-25,1,13,19,21,39,48,6
2026-05-26,11,18,22,26,28,31,3
2026-05-27,6,9,11,27,29,48,1
2026-05-28,4,22,26,34,42,46,13
2026-05-29,2,17,19,39,41,46,3
2026-05-30,15,16,18,19,21,47,20
2026-05-31,1,2,23,24,35,41,9
2026-06-01,6,10,23,30,46,48,29
2026-06-02,1,22,33,36,40,41,49
2026-06-03,15,18,23,30,34,42,8
2026-06-04,1,13,18,28,32,44,35
2026-06-05,4,12,17,25,27,32,28
2026-06-06,10,12,13,15,20,28,44
2026-06-07,2,32,37,40,43,49,4
2026-06-08,6,11,18,38,39,48,42
2026-06-09,16,29,33,35,41,49,14
2026-06-10,2,3,26,35,43,49,39
2026-06-11,4,10,17,20,30,40,37
2026-06-12,1,4,21,31,47,48,26
2026-06-13,5,7,31,35,37,39,8
2026-06-14,10,19,31,36,42,47,8
2026-06-15,3,5,12,31,45,46,34
2026-06-16,24,14,11,28,7,40,1
2026-06-17,16,19,21,23,40,47,38
2026-06-18,2,14,18,29,37,43,11
2026-06-19,19,24,26,28,32,40,12
2026-06-20,6,29,31,32,39,45,26
2026-06-21,13,14,22,25,27,32,16
2026-06-22,3,5,9,41,43,44,47
2026-06-23,8,16,18,24,41,49,31
2026-06-24,1,15,22,31,39,45,6
2026-06-25,2,9,26,34,37,47,21
2026-06-26,5,6,10,12,35,47,45
2026-06-27,11,12,23,27,34,48,18
2026-06-28,15,25,27,32,40,43,42
2026-06-29,11,12,21,22,42,46,18
2026-06-30,6,17,33,39,43,47,29
2026-07-01,7,12,14,37,42,48,21
2026-07-02,3,7,18,39,44,49,28
2026-07-03,4,5,12,16,41,49,2
2026-07-04,7,10,25,45,46,48,1
2026-07-05,3,6,24,46,47,48,37
2026-07-06,14,15,23,35,37,42,40
2026-07-07,2,3,15,18,32,45,4
2026-07-08,6,7,21,26,30,40,9
2026-07-09,9,15,17,29,32,48,36
2026-07-10,8,12,16,26,28,45,5
2026-07-11,5,14,23,24,38,43,34
2026-07-12,1,8,27,33,39,49,10
2026-07-13,21,24,25,26,41,46,32
2026-07-14,10,22,24,25,36,44,12
2026-07-15,7,19,23,31,44,45,1
2026-07-16,1,18,29,37,47,49,11
2026-07-17,19,27,29,32,40,47,23
2026-07-18,12,14,22,25,45,49,11
